[KRIZOVATKY]
0;1313;1701;1;0;1;0;1922,1923
1;1315;1696;1;0;0;0;1921,1922,3231
2;1303;1719;1;0;1;0;1923,1924
3;1324;1676;1;0;1;0;1920,1921
4;1354;1722;1;0;1;0;3231,3232
5;1256;1744;1;0;0;0;1924,1925,3273
6;1328;1665;1;0;1;0;1919,1920
7;1370;1727;1;0;1;0;3232,3233
8;1239;1759;1;0;1;0;1925,1926
9;1299;1767;1;0;1;0;3273,3274
10;1329;1643;1;0;1;0;1918,1919
11;1383;1726;1;0;1;0;3233,3234
12;1227;1780;1;0;1;0;1926,1927
13;1333;1787;1;0;1;0;3274,3275
14;1333;1629;1;0;1;0;1917,1918
15;1418;1738;1;0;1;0;3234,3235
16;1218;1801;1;0;1;0;1927,1928
17;1368;1819;1;0;1;0;3275,3276
18;1339;1601;1;0;0;0;1916,1917,2663
19;1440;1752;1;0;1;0;3235,3236
20;1206;1816;1;0;1;0;1928,1929
21;1402;1847;1;0;1;0;3276,3277
22;1340;1595;1;0;1;0;1915,1916
23;1349;1603;1;0;0;0;2662,2663,2905,3243
24;1476;1795;1;0;1;0;3236,3237
25;1180;1834;1;0;1;0;1929,1930
26;1435;1880;1;0;0;1;3277
27;1344;1531;1;0;1;0;1914,1915
28;1351;1603;1;0;1;0;2661,2662
29;1358;1549;1;0;1;0;2905,2906
30;1357;1594;1;0;1;0;3243,3244
31;1498;1817;1;0;1;0;3237,3238
32;1135;1855;1;0;1;0;1930,1931
33;1334;1458;1;0;1;0;1913,1914
34;1357;1606;1;0;1;0;2660,2661
35;1379;1474;1;0;1;0;2906,2907
36;1388;1578;1;0;1;0;3244,3245
37;1523;1833;1;0;1;0;3238,3239
38;1124;1861;1;0;0;0;1713,1734,1931
39;1324;1403;1;0;1;0;1912,1913
40;1378;1621;1;0;1;0;2659,2660
41;1396;1414;1;0;1;0;2907,2908
42;1405;1573;1;0;1;0;3245,3246
43;1564;1863;1;0;1;0;3239,3240
44;1103;1872;1;0;1;0;1713,1714
45;1106;1851;1;0;1;0;1734,1735
46;1317;1366;1;0;1;0;1911,1912
47;1399;1630;1;0;1;0;2658,2659
48;1402;1364;1;0;0;1;2908
49;1420;1567;1;0;1;0;3246,3247
50;1578;1875;1;0;1;0;3240,3241
51;1044;1918;1;0;1;0;1714,1715
52;1066;1832;1;0;1;0;1735,1736
53;1302;1337;1;0;1;0;1910,1911
54;1428;1639;1;0;1;0;2657,2658
55;1453;1556;1;0;0;1;3247
56;1593;1896;1;0;1;0;3241,3242
57;1037;1929;1;0;1;0;1715,1716
58;1028;1811;1;0;1;0;1736,1737
59;1290;1322;1;0;1;0;1909,1910
60;1439;1642;1;0;1;0;2656,2657
61;1630;1957;1;0;0;0;2302,2303,3242
62;1032;1938;1;0;1;0;1716,1717
63;996;1797;1;0;1;0;1737,1738
64;1269;1310;1;0;1;0;1908,1909
65;1451;1641;1;0;1;0;2655,2656
66;1631;1956;1;0;1;0;2301,2302
67;1628;1958;1;0;1;0;2303,2304
68;1029;1942;1;0;0;0;818,1717,1718
69;954;1780;1;0;1;0;1738,1739
70;1217;1292;1;0;1;0;1907,1908
71;1457;1638;1;0;1;0;2654,2655
72;1640;1955;1;0;1;0;2300,2301
73;1625;1963;1;0;1;0;2304,2305
74;1022;1997;1;0;1;0;817,818
75;1020;1945;1;0;1;0;1718,1719
76;933;1772;1;0;0;0;1739,1740,2085
77;1189;1278;1;0;1;0;1906,1907
78;1494;1609;1;0;1;0;2653,2654
79;1657;1952;1;0;1;0;2299,2300
80;1619;1992;1;0;1;0;2305,2306
81;1023;2012;1;0;1;0;816,817
82;1004;1949;1;0;1;0;1719,1720
83;904;1753;1;0;1;0;1740,1741
84;933;1885;1;0;1;0;2084,2085
85;1175;1263;1;0;1;0;1905,1906
86;1498;1602;1;0;1;0;2652,2653
87;1673;1948;1;0;1;0;2298,2299
88;1608;2022;1;0;0;1;2306
89;1027;2091;1;0;1;0;815,816
90;984;1949;1;0;1;0;1720,1721
91;860;1748;1;0;1;0;1741,1742
92;926;1927;1;0;1;0;2083,2084
93;1169;1248;1;0;1;0;1904,1905
94;1504;1585;1;0;1;0;2651,2652
95;1683;1942;1;0;1;0;2297,2298
96;1030;2123;1;0;1;0;814,815
97;975;1952;1;0;1;0;1721,1722
98;836;1738;1;0;1;0;1742,1743
99;929;1960;1;0;1;0;2082,2083
100;1167;1239;1;0;1;0;1903,1904
101;1530;1488;1;0;1;0;2650,2651
102;1691;1935;1;0;1;0;2296,2297
103;1043;2140;1;0;1;0;813,814
104;960;1978;1;0;1;0;1722,1723
105;796;1724;1;0;1;0;1743,1744
106;923;2032;1;0;1;0;2081,2082
107;1173;1223;1;0;1;0;1902,1903
108;1539;1453;1;0;1;0;2649,2650
109;1698;1923;1;0;1;0;2295,2296
110;1088;2182;1;0;1;0;812,813
111;945;2035;1;0;1;0;1723,1724
112;773;1703;1;0;0;0;1744,1745,3141
113;925;2054;1;0;0;0;1724,1725,2081
114;1203;1208;1;0;1;0;1901,1902
115;1545;1444;1;0;1;0;2648,2649
116;1700;1911;1;0;1;0;2294,2295
117;1096;2192;1;0;1;0;811,812
118;729;1695;1;0;0;0;633,1745,1746
119;884;1678;1;0;1;0;3141,3142
120;913;2091;1;0;1;0;1725,1726
121;1251;1188;1;0;1;0;1900,1901
122;1581;1447;1;0;0;0;464,465,2648
123;1698;1901;1;0;1;0;2293,2294
124;1096;2205;1;0;1;0;810,811
125;656;1628;1;0;1;0;632,633
126;708;1695;1;0;1;0;1746,1747
127;943;1650;1;0;1;0;3142,3143
128;898;2143;1;0;1;0;1726,1727
129;1280;1178;1;0;1;0;1899,1900
130;1589;1449;1;0;1;0;463,464
131;1570;1515;1;0;1;0;465,466
132;1692;1863;1;0;1;0;2292,2293
133;1072;2254;1;0;1;0;809,810
134;606;1587;1;0;1;0;631,632
135;672;1678;1;0;1;0;1747,1748
136;984;1609;1;0;1;0;3143,3144
137;893;2176;1;0;1;0;1727,1728
138;1298;1175;1;0;1;0;1898,1899
139;1594;1444;1;0;1;0;462,463
140;1568;1519;1;0;0;1;466
141;1687;1856;1;0;1;0;2291,2292
142;1053;2271;1;0;0;0;808,809,3227
143;566;1564;1;0;1;0;630,631
144;664;1674;1;0;0;0;1748,1749,3444
145;990;1589;1;0;1;0;3144,3145
146;887;2219;1;0;0;0;765,1728,1729
147;1320;1168;1;0;1;0;1897,1898
148;1595;1438;1;0;1;0;461,462
149;1684;1850;1;0;1;0;2290,2291
150;1028;2287;1;0;1;0;807,808
151;1054;2260;1;0;1;0;3227,3228
152;425;1532;1;0;1;0;629,630
153;642;1660;1;0;1;0;1749,1750
154;704;1756;1;0;1;0;3444,3445
155;986;1572;1;0;1;0;3145,3146
156;975;2282;1;0;1;0;765,766
157;870;2231;1;0;1;0;1729,1730
158;1347;1152;1;0;1;0;1896,1897
159;1592;1422;1;0;1;0;460,461
160;1686;1846;1;0;1;0;2289,2290
161;997;2297;1;0;0;0;766,767,807
162;1052;2243;1;0;1;0;3228,3229
163;310;1539;1;1;1;0;628,629
164;614;1650;1;0;1;0;1750,1751
165;716;1771;1;0;1;0;3445,3446
166;968;1556;1;0;1;0;3146,3147
167;861;2242;1;0;1;0;1730,1731
168;1374;1130;1;0;1;0;1895,1896
169;1589;1405;1;0;1;0;459,460
170;1694;1845;1;0;1;0;2288,2289
171;1000;2299;1;0;1;0;767,768
172;1045;2225;1;0;1;0;3229,3230
173;234;1563;1;1;1;0;627,628
174;544;1663;1;0;0;0;1751,1783,1785
175;769;1815;1;0;1;0;3446,3447
176;934;1555;1;0;1;0;3147,3148
177;843;2259;1;0;1;0;1731,1732
178;1379;1119;1;0;1;0;1894,1895
179;1587;1397;1;0;1;0;458,459
180;1704;1850;1;0;1;0;2287,2288
181;1056;2369;1;0;1;0;768,769
182;1044;2208;1;0;0;1;3230
183;185;1586;1;1;1;0;626,627
184;604;1704;1;0;1;0;1782,1783
185;517;1666;1;0;1;0;1785,1786
186;781;1835;1;0;1;0;3447,3448
187;880;1567;1;0;1;0;3148,3149
188;833;2281;1;0;1;0;1732,1733
189;1391;1089;1;0;1;0;1893,1894
190;1586;1374;1;0;1;0;457,458
191;1716;1859;1;0;1;0;2286,2287
192;1118;2413;1;0;1;0;769,770
193;162;1590;1;1;1;0;625,626
194;641;1757;1;0;1;0;1781,1782
195;480;1663;1;0;1;0;1786,1787
196;784;1880;1;0;0;0;1776,1777,3448
197;837;1566;1;0;1;0;3149,3150
198;827;2304;1;0;0;0;1673,1733,1766
199;1421;1055;1;0;0;0;1876,1892,1893
200;1586;1363;1;0;1;0;456,457
201;1740;1884;1;0;1;0;2285,2286
202;1158;2456;1;0;1;0;770,771
203;64;1622;1;1;1;0;624,625
204;693;1794;1;0;1;0;1780,1781
205;431;1671;1;0;1;0;1787,1788
206;775;1938;1;0;1;0;1775,1776
207;777;1854;1;0;1;0;1777,1778
208;808;1558;1;0;1;0;3150,3151
209;826;2320;1;0;1;0;1673,1674
210;804;2297;1;0;1;0;1766,1767
211;1404;1063;1;0;1;0;1875,1876
212;1440;1038;1;0;0;0;1891,1892,1997
213;1587;1359;1;0;1;0;455,456
214;1784;1939;1;0;1;0;2284,2285
215;1165;2480;1;0;0;0;771,2497,2529
216;45;1625;1;1;1;0;623,624
217;709;1801;1;0;1;0;1779,1780
218;343;1687;1;1;1;0;1788,1789
219;773;1970;1;0;1;0;1774,1775
220;742;1813;1;0;1;0;1778,1779
221;789;1540;1;0;1;0;3151,3152
222;822;2348;1;0;1;0;1674,1675
223;781;2280;1;0;1;0;1767,1768
224;1366;1071;1;0;1;0;1874,1875
225;1454;1029;1;0;1;0;1890,1891
226;1423;1021;1;0;1;0;1997,1998
227;1598;1346;1;0;1;0;454,455
228;1802;1968;1;0;1;0;2283,2284
229;1254;2548;1;0;1;0;2497,2498
230;1093;2543;1;0;1;0;2529,2530
231;15;1619;1;1;0;1;623
232;325;1699;1;1;1;0;1789,1790
233;773;1986;1;0;0;0;1773,1774,3594
234;775;1499;1;0;1;0;3152,3153
235;817;2378;1;0;1;0;1675,1676
236;779;2257;1;0;1;0;1768,1769
237;1330;1076;1;0;1;0;1873,1874
238;1478;1023;1;0;1;0;1889,1890
239;1405;995;1;0;1;0;1998,1999
240;1609;1319;1;0;1;0;453,454
241;1815;1977;1;0;1;0;2282,2283
242;1269;2586;1;0;1;0;2498,2499
243;1075;2587;1;0;1;0;2530,2531
244;289;1721;1;1;1;0;1790,1791
245;774;2025;1;0;1;0;1772,1773
246;761;1997;1;0;1;0;3593,3594
247;766;1456;1;0;1;0;3153,3154
248;816;2424;1;0;1;0;1676,1677
249;780;2189;1;0;1;0;1769,1770
250;1312;1075;1;0;1;0;1872,1873
251;1497;1027;1;0;1;0;1888,1889
252;1384;953;1;0;1;0;1999,2000
253;1612;1305;1;0;1;0;452,453
254;1827;1982;1;0;1;0;2281,2282
255;1272;2601;1;0;1;0;2499,2500
256;1076;2601;1;0;1;0;2531,2532
257;267;1734;1;1;1;0;1791,1792
258;774;2074;1;0;1;0;1771,1772
259;754;2013;1;0;1;0;3592,3593
260;759;1416;1;0;1;0;3154,3155
261;810;2484;1;0;1;0;1677,1678
262;771;2138;1;0;1;0;1770,1771
263;1286;1064;1;0;1;0;1871,1872
264;1526;1033;1;0;0;0;1887,1888,2180
265;1372;934;1;0;1;0;2000,2001
266;1615;1282;1;0;1;0;451,452
267;1836;1982;1;0;1;0;2280,2281
268;1282;2647;1;0;1;0;2500,2501
269;1079;2603;1;0;1;0;2532,2533
270;257;1738;1;1;1;0;1792,1793
271;731;2124;1;0;1;0;3591,3592
272;767;1393;1;0;1;0;3155,3156
273;806;2557;1;0;1;0;1678,1679
274;1274;1058;1;0;1;0;1870,1871
275;1543;1040;1;0;0;0;1113,1886,1887
276;1536;1022;1;0;0;0;1112,1113,2180
277;1345;921;1;0;1;0;2001,2002
278;1615;1268;1;0;0;0;450,451,2642
279;1846;1981;1;0;1;0;2279,2280
280;1281;2669;1;0;1;0;2501,2502
281;1074;2606;1;0;1;0;2533,2534
282;239;1765;1;1;1;0;1793,1794
283;730;2220;1;0;1;0;3590,3591
284;779;1373;1;0;1;0;3156,3157
285;803;2594;1;0;1;0;1679,1680
286;1258;1055;1;0;1;0;1869,1870
287;1555;1046;1;0;1;0;1885,1886
288;1532;1011;1;0;1;0;1111,1112
289;1297;899;1;0;1;0;2002,2003
290;1615;1260;1;0;1;0;449,450
291;1629;1295;1;0;1;0;2642,2643
292;1884;1976;1;0;0;0;481,2203,2278,2279
293;1289;2677;1;0;1;0;2502,2503
294;1052;2592;1;0;1;0;2534,2535
295;233;1797;1;1;1;0;1794,1795
296;732;2267;1;0;1;0;3589,3590
297;789;1356;1;0;1;0;3157,3158
298;809;2613;1;0;0;0;1680,1681,3582
299;1229;1055;1;0;1;0;1868,1869
300;1564;1052;1;0;1;0;1884,1885
301;1524;990;1;0;1;0;1110,1111
302;1225;878;1;0;1;0;2003,2004
303;1622;1239;1;0;1;0;448,449
304;1643;1326;1;0;1;0;2643,2644
305;1852;1952;1;0;1;0;481,482
306;1909;1972;1;0;0;1;2203
307;1895;2001;1;0;1;0;2277,2278
308;1304;2689;1;0;1;0;2503,2504
309;1035;2597;1;0;1;0;2535,2536
310;222;1825;1;1;1;0;1795,1796
311;715;2364;1;0;1;0;3588,3589
312;791;1328;1;0;1;0;3158,3159
313;816;2634;1;0;1;0;1681,1682
314;743;2619;1;0;1;0;3582,3583
315;1201;1065;1;0;1;0;1867,1868
316;1611;1100;1;0;1;0;1883,1884
317;1520;979;1;0;1;0;1109,1110
318;1173;866;1;0;1;0;2004,2005
319;1628;1217;1;0;1;0;447,448
320;1644;1340;1;0;1;0;2644,2645
321;1821;1934;1;0;1;0;482,483
322;1896;2016;1;0;1;0;2276,2277
323;1331;2721;1;0;1;0;2504,2505
324;1010;2668;1;0;1;0;2536,2537
325;212;1844;1;1;1;0;1796,1797
326;698;2404;1;0;1;0;3587,3588
327;785;1291;1;0;1;0;3159,3160
328;815;2652;1;0;1;0;1682,1683
329;716;2609;1;0;1;0;3583,3584
330;1164;1079;1;0;1;0;1866,1867
331;1634;1119;1;0;0;0;444,1882,1883
332;1510;933;1;0;1;0;1108,1109
333;1152;850;1;0;1;0;2005,2006
334;1630;1179;1;0;1;0;446,447
335;1644;1360;1;0;1;0;2645,2646
336;1805;1918;1;0;1;0;483,484
337;1896;2032;1;0;1;0;2275,2276
338;1348;2740;1;0;1;0;2505,2506
339;1002;2744;1;0;1;0;2537,2538
340;184;1873;1;1;1;0;1797,1798
341;656;2544;1;0;1;0;3586,3587
342;785;1281;1;0;1;0;3160,3161
343;815;2659;1;0;1;0;1683,1684
344;674;2584;1;0;1;0;3584,3585
345;1117;1092;1;0;1;0;1865,1866
346;1625;1137;1;0;1;0;444,445
347;1686;1147;1;0;1;0;1881,1882
348;1505;914;1;0;1;0;1107,1108
349;1132;837;1;0;1;0;2006,2007
350;1625;1144;1;0;1;0;445,446
351;1646;1367;1;0;1;0;2646,2647
352;1784;1879;1;0;1;0;484,485
353;1895;2049;1;0;1;0;2274,2275
354;1365;2758;1;0;1;0;2506,2507
355;1009;2786;1;0;1;0;2538,2539
356;136;1916;1;1;1;0;1798,1799
357;661;2566;1;0;1;0;3585,3586
358;776;1249;1;0;0;0;1289,1838,1839,3161
359;816;2715;1;0;1;0;772,1684
360;1086;1099;1;0;1;0;1864,1865
361;1697;1157;1;0;1;0;1880,1881
362;1490;891;1;0;1;0;1106,1107
363;1104;834;1;0;1;0;2007,2008
364;1651;1376;1;0;0;0;531,532,2647
365;1761;1849;1;0;1;0;485,486
366;1895;2063;1;0;1;0;2273,2274
367;1387;2768;1;0;1;0;2507,2508
368;981;2823;1;0;1;0;2539,2540
369;82;1947;1;1;1;0;1799,1800
370;774;1239;1;0;1;0;1288,1289
371;735;1278;1;0;1;0;1837,1838
372;830;1304;1;0;1;0;1839,1840
373;805;2764;1;0;1;0;772,773
374;1064;1101;1;0;1;0;1863,1864
375;1743;1197;1;0;1;0;1879,1880
376;1471;871;1;0;1;0;1105,1106
377;1067;840;1;0;1;0;2008,2009
378;1648;1373;1;0;0;0;530,531,2208
379;1660;1391;1;0;1;0;532,533
380;1747;1832;1;0;1;0;486,487
381;1897;2075;1;0;1;0;2272,2273
382;1406;2765;1;0;1;0;2508,2509
383;944;2855;1;0;1;0;2540,2541
384;55;1945;1;1;1;0;1800,1801
385;772;1231;1;0;1;0;1287,1288
386;692;1297;1;0;1;0;1836,1837
387;842;1320;1;0;1;0;1840,1841
388;804;2781;1;0;1;0;773,774
389;1044;1106;1;0;1;0;1862,1863
390;1769;1231;1;0;1;0;1878,1879
391;1457;859;1;0;1;0;1104,1105
392;1035;843;1;0;1;0;2009,2010
393;1645;1370;1;0;1;0;529,530
394;1643;1399;1;0;1;0;2208,2209
395;1664;1399;1;0;0;0;533,534,2204
396;1721;1783;1;0;1;0;487,488
397;1902;2095;1;0;1;0;2271,2272
398;1421;2756;1;0;1;0;2509,2510
399;888;2915;1;0;1;0;2541,2542
400;21;1926;1;1;0;1;1801
401;763;1206;1;0;1;0;1286,1287
402;638;1309;1;0;1;0;1835,1836
403;853;1370;1;0;1;0;1841,1842
404;807;2810;1;0;1;0;774,775
405;1023;1114;1;0;1;0;1861,1862
406;1780;1250;1;0;0;0;549,1877,1878
407;1443;849;1;0;1;0;1103,1104
408;1011;842;1;0;1;0;2010,2011
409;1640;1368;1;0;1;0;528,529
410;1638;1411;1;0;0;0;2206,2207,2209,2210
411;1671;1412;1;0;1;0;534,535
412;1659;1419;1;0;0;0;2204,2205,2207
413;1709;1766;1;0;1;0;488,489
414;1908;2107;1;0;1;0;2270,2271
415;1432;2754;1;0;1;0;2510,2511
416;831;2978;1;0;0;0;780,781,2542
417;743;1199;1;0;1;0;1285,1286
418;607;1304;1;0;1;0;1834,1835
419;861;1380;1;0;1;0;1842,1843
420;816;2843;1;0;1;0;775,776
421;1007;1126;1;0;1;0;1860,1861
422;1775;1256;1;0;1;0;548,549
423;1809;1256;1;0;0;0;1008,1445,1877
424;1421;812;1;0;1;0;1102,1103
425;969;832;1;0;1;0;2011,2012
426;1637;1368;1;0;1;0;527,528
427;1625;1407;1;0;0;0;524,525,2206
428;1634;1427;1;0;1;0;2210,2211
429;1688;1422;1;0;0;0;498,535,536
430;1652;1451;1;0;0;1;2205
431;1702;1745;1;0;1;0;489,490
432;1919;2117;1;0;1;0;2269,2270
433;1479;2728;1;0;1;0;2511,2512
434;823;2958;1;0;1;0;779,780
435;833;2984;1;0;1;0;781,782
436;715;1214;1;0;1;0;1284,1285
437;590;1277;1;0;1;0;1833,1834
438;867;1385;1;0;1;0;1843,1844
439;821;2878;1;0;1;0;776,777
440;993;1140;1;0;1;0;1859,1860
441;1770;1275;1;0;1;0;547,548
442;1809;1232;1;0;1;0;1007,1008
443;1830;1260;1;0;0;0;119,550,1445
444;1413;792;1;0;1;0;1101,1102
445;946;827;1;0;1;0;2012,2013
446;1634;1369;1;0;1;0;526,527
447;1613;1472;1;0;1;0;523,524
448;1632;1372;1;0;1;0;525,526
449;1626;1478;1;0;0;1;2211
450;1679;1456;1;0;0;0;498,499,2212
451;1694;1423;1;0;1;0;536,537
452;1692;1727;1;0;1;0;490,491
453;1935;2127;1;0;1;0;2268,2269
454;1545;2697;1;0;1;0;2512,2513
455;815;2932;1;0;1;0;778,779
456;845;2997;1;0;1;0;782,783
457;667;1251;1;0;1;0;1283,1284
458;601;1231;1;0;1;0;1832,1833
459;877;1384;1;0;1;0;1844,1845
460;815;2913;1;0;1;0;777,778
461;988;1147;1;0;0;0;1858,1859,2171
462;1767;1301;1;0;1;0;546,547
463;1823;1179;1;0;1;0;1006,1007
464;1837;1238;1;0;1;0;118,119
465;1839;1261;1;0;0;0;550,551,924
466;1410;760;1;0;1;0;1100,1101
467;921;829;1;0;1;0;2013,2014
468;1616;1487;1;0;1;0;522,523
469;1673;1484;1;0;0;0;499,500,2214
470;1709;1463;1;0;1;0;2212,2213
471;1708;1424;1;0;1;0;537,538
472;1681;1707;1;0;1;0;491,492
473;1952;2132;1;0;1;0;2267,2268
474;1571;2693;1;0;1;0;2513,2514
475;851;3010;1;0;1;0;783,784
476;638;1248;1;0;1;0;1282,1283
477;607;1194;1;0;1;0;1831,1832
478;895;1373;1;0;1;0;1845,1846
479;984;1165;1;0;1;0;1857,1858
480;985;1136;1;0;1;0;2171,2172
481;1766;1336;1;0;1;0;545,546
482;1823;1163;1;0;1;0;1005,1006
483;1854;1173;1;0;1;0;117,118
484;1845;1263;1;0;1;0;551,552
485;1833;1329;1;0;0;1;924
486;1410;742;1;0;0;0;1099,1100,1975
487;902;831;1;0;1;0;2014,2015
488;1619;1500;1;0;0;1;522
489;1669;1500;1;0;0;0;500,501,2309,2310
490;1664;1482;1;0;0;1;2214
491;1706;1474;1;0;0;1;2213
492;1713;1424;1;0;0;0;538,539,923
493;1667;1687;1;0;1;0;492,493
494;1969;2132;1;0;0;0;2266,2267,3248
495;1597;2692;1;0;1;0;2514,2515
496;856;3028;1;0;1;0;784,785
497;630;1223;1;0;1;0;1281,1282
498;613;1129;1;0;1;0;1830,1831
499;921;1363;1;0;1;0;1846,1847
500;979;1182;1;0;1;0;1856,1857
501;990;1097;1;0;1;0;2172,2173
502;1760;1352;1;0;1;0;544,545
503;1816;1119;1;0;1;0;1004,1005
504;1838;1108;1;0;1;0;116,117
505;1851;1264;1;0;0;0;552,553,2175,3557
506;1396;730;1;0;1;0;1098,1099
507;1411;733;1;0;0;0;1975,1976,2150
508;877;821;1;0;1;0;2015,2016
509;1658;1530;1;0;0;0;497,501,2312,2313
510;1664;1498;1;0;1;0;2308,2309
511;1677;1503;1;0;1;0;2310,2311
512;1718;1424;1;0;0;0;539,540,2319
513;1719;1414;1;0;0;1;923
514;1665;1653;1;0;1;0;493,494
515;1996;2133;1;0;0;0;2265,2266,3226
516;1981;2147;1;0;0;0;3224,3225,3248,3249
517;1615;2690;1;0;1;0;2515,2516
518;862;3044;1;0;1;0;785,786
519;652;1169;1;0;1;0;1280,1281
520;625;1083;1;0;1;0;1829,1830
521;960;1372;1;0;1;0;1847,1848
522;984;1225;1;0;1;0;1855,1856
523;996;1072;1;0;1;0;2173,2174
524;1756;1360;1;0;1;0;543,544
525;1808;1098;1;0;1;0;1003,1004
526;1847;1088;1;0;1;0;115,116
527;1868;1271;1;0;1;0;553,554
528;1867;1253;1;0;1;0;2175,2176
529;1866;1267;1;0;1;0;3556,3557
530;1303;694;1;0;1;0;1097,1098
531;1412;727;1;0;1;0;1976,1977
532;1424;732;1;0;0;0;2132,2150,2151
533;870;820;1;0;1;0;2016,2017
534;1654;1573;1;0;1;0;496,497
535;1669;1532;1;0;1;0;2311,2312
536;1656;1530;1;0;1;0;2307,2313
537;1659;1517;1;0;1;0;2307,2308
538;1725;1420;1;0;1;0;540,541
539;1719;1426;1;0;1;0;2319,2320
540;1664;1616;1;0;1;0;494,495
541;2006;2133;1;0;1;0;2264,2265
542;1984;2146;1;0;1;0;3225,3226
543;1956;2156;1;0;1;0;3223,3224
544;1982;2150;1;0;1;0;3249,3250
545;1630;2683;1;0;1;0;2516,2517
546;869;3061;1;0;1;0;786,787
547;689;1072;1;0;1;0;1279,1280
548;622;1056;1;0;1;0;1828,1829
549;1026;1394;1;0;1;0;1848,1849
550;994;1267;1;0;1;0;1854,1855
551;1004;1048;1;0;0;1;2174
552;1736;1404;1;0;1;0;542,543
553;1805;1080;1;0;1;0;1002,1003
554;1878;1056;1;0;1;0;114,115
555;1871;1272;1;0;0;0;554,555,1503
556;1965;1182;1;0;0;0;1546,2176,2177
557;1878;1269;1;0;1;0;3555,3556
558;1254;675;1;0;1;0;1096,1097
559;1412;719;1;0;0;0;1977,1978,2121
560;1438;719;1;0;1;0;2132,2133
561;1437;735;1;0;1;0;2151,2152
562;858;819;1;0;1;0;2017,2018
563;1660;1593;1;0;1;0;495,496
564;1728;1417;1;0;1;0;541,542
565;1738;1444;1;0;0;0;2314,2315,2320,2321
566;2038;2136;1;0;1;0;2263,2264
567;1875;2174;1;0;1;0;3222,3223
568;2001;2171;1;0;1;0;3250,3251
569;1660;2677;1;0;1;0;2517,2518
570;877;3072;1;0;1;0;787,788
571;705;1035;1;0;1;0;1278,1279
572;608;1040;1;0;1;0;1827,1828
573;1044;1399;1;0;1;0;1849,1850
574;1033;1327;1;0;1;0;1853,1854
575;1808;1063;1;0;1;0;1001,1002
576;1898;1013;1;0;1;0;113,114
577;1894;1287;1;0;1;0;555,556
578;1889;1277;1;0;1;0;1503,1504
579;1972;1164;1;0;1;0;1546,1547
580;2064;1115;1;0;1;0;2177,2178
581;1883;1269;1;0;1;0;3554,3555
582;1221;662;1;0;1;0;1095,1096
583;1406;701;1;0;1;0;1978,1979
584;1417;701;1;0;1;0;2121,2122
585;1445;717;1;0;1;0;2133,2134
586;1448;735;1;0;1;0;2152,2153
587;843;821;1;0;1;0;2018,2019
588;1724;1478;1;0;1;0;2314,2318
589;1739;1442;1;0;1;0;2315,2316
590;1740;1446;1;0;1;0;2321,2322
591;2066;2135;1;0;1;0;2262,2263
592;1835;2193;1;0;1;0;3221,3222
593;2012;2196;1;0;1;0;3251,3252
594;1710;2655;1;0;1;0;2518,2519
595;899;3102;1;0;0;0;788,789,849
596;707;998;1;0;1;0;1277,1278
597;590;1029;1;0;1;0;1826,1827
598;1061;1398;1;0;1;0;1850,1851
599;1069;1371;1;0;1;0;1852,1853
600;1816;1050;1;0;1;0;1000,1001
601;1905;959;1;0;1;0;112,113
602;1904;1299;1;0;1;0;556,557
603;1930;1290;1;0;1;0;1504,1505
604;1974;1153;1;0;1;0;1547,1548
605;2165;1044;1;0;0;0;2178,2179,3465
606;1890;1266;1;0;1;0;3553,3554
607;1215;658;1;0;1;0;1094,1095
608;1341;595;1;0;1;0;1979,1980
609;1421;687;1;0;1;0;2122,2123
610;1451;715;1;0;1;0;2134,2135
611;1463;732;1;0;1;0;2153,2154
612;823;802;1;0;1;0;2019,2020
613;1743;1485;1;0;1;0;2317,2318
614;1756;1455;1;0;1;0;2316,2317
615;1747;1451;1;0;1;0;2322,2323
616;2106;2134;1;0;1;0;2261,2262
617;1796;2221;1;0;1;0;3220,3221
618;2025;2220;1;0;1;0;3252,3253
619;1753;2625;1;0;0;0;2519,2520,3200
620;922;3131;1;0;1;0;789,790
621;863;3069;1;0;1;0;849,850
622;695;969;1;0;1;0;1276,1277
623;568;1028;1;0;1;0;1825,1826
624;1074;1388;1;0;1;0;1851,1852
625;1833;1020;1;0;0;0;942,999,1000
626;1929;914;1;0;1;0;111,112
627;1909;1309;1;0;1;0;557,558
628;1962;1295;1;0;1;0;1505,1506
629;1973;1132;1;0;1;0;1548,1549
630;2199;1020;1;0;1;0;1462,2179
631;2166;1053;1;0;1;0;3465,3466
632;1898;1263;1;0;1;0;3552,3553
633;1211;652;1;0;1;0;1093,1094
634;1316;559;1;0;1;0;1980,1981
635;1425;671;1;0;1;0;2123,2124
636;1456;706;1;0;1;0;2135,2136
637;1470;731;1;0;1;0;2154,2155
638;790;771;1;0;1;0;2020,2021
639;1735;1480;1;0;0;1;2323
640;2116;2135;1;0;1;0;2260,2261
641;1719;2297;1;0;1;0;3219,3220
642;2038;2236;1;0;1;0;3253,3254
643;1782;2621;1;0;1;0;2520,2521
644;1762;2610;1;0;1;0;3200,3201
645;926;3142;1;0;1;0;790,791
646;831;3027;1;0;1;0;850,851
647;672;949;1;0;1;0;1275,1276
648;533;1040;1;0;1;0;1824,1825
649;1823;1019;1;0;1;0;942,943
650;1838;1006;1;0;1;0;998,999
651;1953;892;1;0;1;0;110,111
652;1917;1333;1;0;1;0;558,559
653;1983;1303;1;0;1;0;1506,1507
654;1973;1106;1;0;1;0;1549,1550
655;2276;968;1;0;0;0;1462,1463,1522
656;2164;1064;1;0;1;0;3466,3467
657;1901;1260;1;0;1;0;3551,3552
658;1202;620;1;0;1;0;1092,1093
659;1312;546;1;0;1;0;1981,1982
660;1428;652;1;0;1;0;2124,2125
661;1473;689;1;0;1;0;2136,2137
662;1484;731;1;0;1;0;2155,2156
663;758;744;1;0;1;0;2021,2022
664;2146;2136;1;0;1;0;2259,2260
665;1675;2333;1;0;1;0;3218,3219
666;2058;2253;1;0;1;0;3254,3255
667;1800;2609;1;0;1;0;2521,2522
668;1629;2571;1;0;1;0;3201,3202
669;926;3154;1;0;1;0;791,792
670;809;3006;1;0;1;0;851,852
671;646;912;1;0;1;0;1274,1275
672;485;1068;1;0;1;0;1823,1824
673;1817;1014;1;0;1;0;943,944
674;1834;961;1;0;1;0;997,998
675;1994;875;1;0;1;0;109,110
676;1916;1364;1;0;1;0;559,560
677;2007;1314;1;0;1;0;1507,1508
678;1983;1070;1;0;1;0;1550,1551
679;2419;861;1;0;0;0;1463,1464,2181
680;2246;1019;1;0;1;0;1521,1522
681;2164;1072;1;0;1;0;3467,3468
682;1907;1257;1;0;1;0;3550,3551
683;1195;608;1;0;1;0;1091,1092
684;1311;527;1;0;1;0;1982,1983
685;1428;642;1;0;1;0;2125,2126
686;1481;681;1;0;1;0;2137,2138
687;1494;730;1;0;1;0;2156,2157
688;705;737;1;0;1;0;2022,2023
689;2165;2134;1;0;1;0;2258,2259
690;1622;2348;1;0;1;0;3217,3218
691;2098;2272;1;0;1;0;3255,3256
692;1939;2679;1;0;1;0;2522,2523
693;1523;2515;1;0;1;0;3202,3203
694;925;3158;1;0;1;0;792,793
695;755;2976;1;0;1;0;852,853
696;619;885;1;0;1;0;1273,1274
697;429;1085;1;0;1;0;1822,1823
698;1795;970;1;0;0;0;936,944,1009
699;1825;906;1;0;1;0;996,997
700;2033;811;1;0;1;0;108,109
701;1906;1394;1;0;1;0;560,561
702;2024;1328;1;0;1;0;1508,1509
703;2003;1008;1;0;1;0;1551,1552
704;2428;757;1;0;1;0;1464,1465
705;2431;870;1;0;1;0;2181,2182
706;2237;1050;1;0;1;0;1520,1521
707;2166;1081;1;0;1;0;3468,3469
708;1920;1253;1;0;1;0;3549,3550
709;1188;604;1;0;1;0;1090,1091
710;1301;508;1;0;1;0;1983,1984
711;1428;633;1;0;1;0;2126,2127
712;1487;670;1;0;1;0;2138,2139
713;1500;732;1;0;1;0;2157,2158
714;670;727;1;0;1;0;2023,2024
715;2173;2134;1;0;1;0;2257,2258
716;1588;2353;1;0;1;0;3216,3217
717;2129;2282;1;0;1;0;3256,3257
718;1974;2696;1;0;1;0;2523,2524
719;1451;2468;1;0;1;0;3203,3204
720;924;3163;1;0;1;0;793,794
721;749;2973;1;0;1;0;853,3311
722;491;786;1;0;1;0;1272,1273
723;353;1111;1;1;1;0;1821,1822
724;1787;945;1;0;1;0;935,936
725;1786;952;1;0;1;0;1009,1010
726;1819;883;1;0;1;0;995,996
727;2065;795;1;0;1;0;107,108
728;1894;1422;1;0;1;0;561,562
729;2034;1343;1;0;1;0;1509,1510
730;2022;969;1;0;1;0;1552,1553
731;2432;744;1;0;1;0;1465,1466
732;2487;905;1;0;1;0;2182,2183
733;2232;1083;1;0;1;0;1519,1520
734;2170;1086;1;0;1;0;3469,3470
735;1927;1249;1;0;1;0;3548,3549
736;1176;600;1;0;1;0;1089,1090
737;1284;488;1;0;1;0;1984,1985
738;1429;624;1;0;1;0;2127,2128
739;1495;660;1;0;1;0;2139,2140
740;1509;736;1;0;1;0;2158,2159
741;653;719;1;0;1;0;2024,2025
742;2204;2145;1;0;1;0;2256,2257
743;1531;2335;1;0;1;0;3215,3216
744;2137;2285;1;0;1;0;3257,3258
745;2060;2728;1;0;1;0;2524,2525
746;1375;2345;1;0;1;0;3204,3205
747;914;3193;1;0;1;0;794,795
748;692;2947;1;0;0;1;3311
749;472;783;1;0;1;0;1271,1272
750;289;1127;1;1;1;0;1820,1821
751;1774;924;1;0;1;0;934,935
752;1771;939;1;0;1;0;1010,1011
753;1815;866;1;0;1;0;994,995
754;2103;805;1;0;1;0;106,107
755;1877;1446;1;0;1;0;562,563
756;2058;1353;1;0;1;0;1510,1511
757;2034;953;1;0;1;0;1553,1554
758;2437;736;1;0;1;0;1466,1467
759;2568;955;1;0;1;0;2183,2184
760;2240;1159;1;0;1;0;1518,1519
761;2172;1093;1;0;1;0;3470,3471
762;1932;1245;1;0;1;0;3547,3548
763;1078;598;1;0;1;0;1088,1089
764;1267;474;1;0;1;0;1985,1986
765;1434;609;1;0;1;0;2128,2129
766;1502;653;1;0;1;0;2140,2141
767;1514;740;1;0;1;0;2159,2160
768;638;708;1;0;1;0;2025,2026
769;2232;2156;1;0;1;0;2255,2256
770;1481;2304;1;0;1;0;3214,3215
771;2141;2295;1;0;1;0;3258,3259
772;2108;2746;1;0;1;0;2525,2526
773;1337;2261;1;0;1;0;3205,3206
774;914;3196;1;0;1;0;795,796
775;457;781;1;0;1;0;1270,1271
776;229;1154;1;1;1;0;1819,1820
777;1756;884;1;0;1;0;933,934
778;1733;906;1;0;1;0;1011,1012
779;1815;855;1;0;1;0;993,994
780;2122;816;1;0;1;0;105,106
781;1842;1485;1;0;1;0;563,564
782;2071;1358;1;0;1;0;1511,1512
783;2048;938;1;0;1;0;1554,1555
784;2542;636;1;0;1;0;1467,1468
785;2581;966;1;0;1;0;2184,2185
786;2249;1217;1;0;1;0;1517,1518
787;2171;1100;1;0;1;0;3471,3472
788;1934;1245;1;0;1;0;3546,3547
789;1057;594;1;0;1;0;1087,1088
790;1248;464;1;0;1;0;1986,1987
791;1442;596;1;0;1;0;2129,2130
792;1512;647;1;0;1;0;2141,2142
793;1519;747;1;0;1;0;2160,2161
794;615;677;1;0;1;0;2026,2027
795;2243;2158;1;0;1;0;2254,2255
796;1467;2284;1;0;1;0;3213,3214
797;2146;2317;1;0;1;0;3259,3260
798;2122;2756;1;0;1;0;2526,2527
799;1330;2237;1;0;1;0;3206,3207
800;913;3204;1;0;1;0;796,797
801;346;847;1;1;1;0;1269,1270
802;204;1167;1;1;1;0;1818,1819
803;1744;859;1;0;1;0;932,933
804;1691;884;1;0;1;0;1012,1013
805;1819;848;1;0;1;0;992,993
806;2146;822;1;0;1;0;104,105
807;1831;1507;1;0;1;0;564,565
808;2092;1358;1;0;1;0;1512,1513
809;2066;923;1;0;1;0;1555,1556
810;2548;630;1;0;1;0;1468,1469
811;2596;984;1;0;1;0;2185,2186
812;2251;1279;1;0;0;0;1516,1517,2411,2412
813;2169;1106;1;0;1;0;3472,3473
814;1948;1240;1;0;1;0;3545,3546
815;1047;588;1;0;1;0;1086,1087
816;1237;459;1;0;1;0;1987,1988
817;1452;588;1;0;1;0;2130,2131
818;1519;645;1;0;1;0;2142,2143
819;1527;751;1;0;1;0;2161,2162
820;598;650;1;0;0;0;2027,2028,2044
821;2259;2158;1;0;1;0;2253,2254
822;1448;2249;1;0;1;0;3212,3213
823;2152;2337;1;0;1;0;3260,3261
824;2134;2782;1;0;1;0;2527,2528
825;1324;2167;1;0;1;0;3207,3208
826;915;3217;1;0;1;0;797,798
827;319;858;1;1;1;0;1268,1269
828;147;1195;1;1;1;0;1817,1818
829;1732;828;1;0;1;0;931,932
830;1687;880;1;0;1;0;1013,1014
831;1823;842;1;0;1;0;991,992
832;2161;823;1;0;1;0;103,104
833;1823;1534;1;0;1;0;565,566
834;2171;1332;1;0;0;0;1513,1514,2403
835;2090;907;1;0;1;0;1556,1557
836;2564;596;1;0;1;0;1469,1470
837;2628;1015;1;0;1;0;2186,2187
838;2234;1296;1;0;1;0;1515,1516
839;2254;1294;1;0;1;0;2410,2411
840;2268;1258;1;0;1;0;2412,2413
841;2168;1109;1;0;1;0;3473,3474
842;1952;1240;1;0;1;0;3544,3545
843;1042;579;1;0;1;0;1085,1086
844;1191;416;1;0;1;0;1988,1989
845;1463;583;1;0;0;1;2131
846;1528;641;1;0;1;0;2143,2144
847;1535;758;1;0;1;0;2162,2163
848;573;618;1;0;1;0;2028,2029
849;613;641;1;0;1;0;2044,2045
850;2271;2154;1;0;1;0;2252,2253
851;1421;2176;1;0;1;0;3211,3212
852;2175;2359;1;0;1;0;3261,3262
853;2148;2820;1;0;1;0;895,2528
854;1342;2141;1;0;1;0;3208,3209
855;919;3225;1;0;1;0;798,799
856;297;847;1;1;1;0;1267,1268
857;108;1210;1;1;1;0;1816,1817
858;1745;796;1;0;1;0;930,931
859;1673;855;1;0;1;0;1014,1015
860;1836;820;1;0;1;0;990,991
861;2167;821;1;0;1;0;102,103
862;1826;1556;1;0;1;0;566,567
863;2198;1323;1;0;1;0;1514,1515
864;2191;1332;1;0;1;0;2403,2404
865;2106;901;1;0;1;0;1557,1558
866;2572;569;1;0;1;0;1470,1471
867;2675;1052;1;0;1;0;2187,2188
868;2257;1327;1;0;1;0;2409,2410
869;2283;1227;1;0;1;0;2413,2414
870;2170;1118;1;0;1;0;3474,3475
871;1959;1243;1;0;1;0;3543,3544
872;1044;563;1;0;1;0;1084,1085
873;1164;333;1;0;0;0;1989,1990,2164
874;1533;638;1;0;1;0;2144,2145
875;1543;764;1;0;0;1;2163
876;550;592;1;0;1;0;2029,2030
877;624;633;1;0;1;0;2045,2046
878;2282;2147;1;0;1;0;2251,2252
879;1370;2135;1;0;1;0;3210,3211
880;2197;2374;1;0;1;0;3262,3263
881;2160;2830;1;0;1;0;895,896
882;1355;2133;1;0;1;0;3209,3210
883;925;3230;1;0;1;0;799,800
884;294;828;1;1;1;0;1266,1267
885;55;1226;1;1;1;0;1815,1816
886;1856;618;1;0;1;0;929,930
887;1678;808;1;0;1;0;1015,1016
888;1855;803;1;0;1;0;989,990
889;2190;804;1;0;1;0;101,102
890;1831;1571;1;0;1;0;567,568
891;2204;1347;1;0;1;0;2404,2405
892;2119;902;1;0;1;0;1558,1559
893;2571;555;1;0;0;0;1471,1472,1573,1574
894;2706;1085;1;0;0;0;2188,2189,2796
895;2257;1358;1;0;1;0;2408,2409
896;2288;1197;1;0;1;0;2414,2415
897;2167;1124;1;0;1;0;3475,3476
898;1988;1249;1;0;1;0;3542,3543
899;1052;528;1;0;1;0;1083,1084
900;1167;321;1;0;1;0;1990,1991
901;1138;328;1;0;1;0;2164,2165
902;1540;629;1;0;1;0;2145,2146
903;528;555;1;0;1;0;2030,2031
904;626;622;1;0;1;0;2046,2047
905;2294;2140;1;0;1;0;2250,2251
906;2223;2399;1;0;1;0;3263,3264
907;2195;2824;1;0;1;0;896,897
908;932;3242;1;0;1;0;800,801
909;297;768;1;1;1;0;1265,1266
910;46;1230;1;1;0;0;1814,1815,3619
911;1918;509;1;0;1;0;928,929
912;1680;787;1;0;1;0;1016,1017
913;1884;788;1;0;1;0;988,989
914;2211;778;1;0;1;0;100,101
915;1832;1601;1;0;1;0;568,569
916;2217;1370;1;0;1;0;2405,2406
917;2146;908;1;0;1;0;1559,1560
918;2575;545;1;0;1;0;1472,1473
919;2496;599;1;0;1;0;1572,1573
920;2553;531;1;0;1;0;1574,1575
921;2712;1091;1;0;1;0;2189,2190
922;2707;1071;1;0;1;0;2796,2797
923;2250;1382;1;0;1;0;2407,2408
924;2316;1152;1;0;1;0;2415,2416
925;2163;1129;1;0;1;0;3476,3477
926;2003;1253;1;0;1;0;3541,3542
927;1045;498;1;0;1;0;1082,1083
928;1261;225;1;1;1;0;1991,1992
929;1049;299;1;0;1;0;2165,2166
930;1546;619;1;0;1;0;2146,2147
931;514;527;1;0;1;0;2031,2032
932;625;613;1;0;1;0;2047,2048
933;2307;2135;1;0;1;0;2249,2250
934;2238;2407;1;0;1;0;3264,3265
935;2257;2838;1;0;1;0;897,898
936;934;3252;1;0;1;0;801,802
937;307;669;1;1;1;0;1264,1265
938;42;1232;1;1;1;0;1813,1814
939;50;1247;1;1;1;0;3619,3620
940;1940;446;1;0;1;0;927,928
941;1682;768;1;0;1;0;1017,1018
942;1888;778;1;0;1;0;987,988
943;2233;719;1;0;1;0;99,100
944;1831;1622;1;0;1;0;569,570
945;2238;1386;1;0;1;0;2406,2407
946;2163;912;1;0;1;0;1560,1561
947;2585;531;1;0;1;0;1473,1474
948;2464;612;1;0;1;0;1571,1572
949;2529;507;1;0;0;0;1446,1575,1576
950;2744;1122;1;0;1;0;2190,2191
951;2704;1061;1;0;1;0;2797,2798
952;2338;1112;1;0;1;0;2416,2417
953;2157;1132;1;0;1;0;3477,3478
954;2034;1257;1;0;1;0;3540,3541
955;1033;479;1;0;1;0;1081,1082
956;1282;208;1;1;1;0;1992,1993
957;1018;285;1;0;1;0;2166,2167
958;1553;606;1;0;1;0;2147,2148
959;504;471;1;0;1;0;2032,2033
960;617;603;1;0;1;0;2048,2049
961;2313;2133;1;0;1;0;2248,2249
962;2248;2409;1;0;1;0;3265,3266
963;2298;2851;1;0;1;0;898,899
964;938;3295;1;0;1;0;802,803
965;308;576;1;1;1;0;1263,1264
966;33;1241;1;1;1;0;1812,1813
967;54;1262;1;1;1;0;3620,3621
968;1954;384;1;0;1;0;926,927
969;1690;738;1;0;1;0;1018,1019
970;1888;758;1;0;1;0;986,987
971;2269;623;1;0;1;0;98,99
972;1833;1641;1;0;1;0;570,571
973;2177;910;1;0;1;0;1561,1562
974;2605;510;1;0;1;0;1474,1475
975;2453;617;1;0;1;0;1570,1571
976;2509;489;1;0;1;0;1446,1447
977;2473;515;1;0;1;0;1576,1577
978;2747;1129;1;0;0;0;2191,2192,3140
979;2701;1056;1;0;1;0;2798,2799
980;2364;1105;1;0;1;0;2417,2418
981;2151;1132;1;0;1;0;3478,3479
982;2038;1258;1;0;1;0;3539,3540
983;1022;467;1;0;1;0;1080,1081
984;1309;191;1;1;1;0;1993,1994
985;999;286;1;0;1;0;2167,2168
986;1560;599;1;0;1;0;2148,2149
987;489;428;1;0;1;0;2033,2034
988;600;571;1;0;1;0;2049,2050
989;2335;2127;1;0;1;0;2247,2248
990;2262;2410;1;0;1;0;3266,3267
991;2346;2884;1;0;1;0;899,900
992;932;3323;1;0;1;0;803,804
993;289;553;1;1;1;0;1262,1263
994;29;1249;1;1;0;0;1811,1812,3644
995;64;1274;1;1;1;0;3621,3622
996;1963;360;1;0;1;0;925,926
997;1699;706;1;0;1;0;1019,1020
998;1894;718;1;0;1;0;985,986
999;2285;608;1;0;1;0;97,98
1000;1844;1671;1;0;1;0;571,572
1001;2197;906;1;0;1;0;1562,1563
1002;2621;501;1;0;1;0;1475,1476
1003;2425;628;1;0;1;0;1569,1570
1004;2495;473;1;0;1;0;1447,1448
1005;2427;533;1;0;1;0;1577,1578
1006;2754;1144;1;0;1;0;2192,2193
1007;2761;1132;1;0;1;0;3139,3140
1008;2698;1043;1;0;1;0;2799,2800
1009;2395;1115;1;0;1;0;2418,2419
1010;2149;1135;1;0;1;0;3479,3480
1011;2042;1257;1;0;1;0;3538,3539
1012;1001;441;1;0;1;0;1079,1080
1013;1339;179;1;1;1;0;1994,1995
1014;966;299;1;0;1;0;2168,2169
1015;1568;596;1;0;0;0;1030,1031,2149
1016;474;393;1;0;0;0;2034,2035,2119
1017;596;551;1;0;1;0;2050,2051
1018;2362;2118;1;0;1;0;2246,2247
1019;2279;2404;1;0;1;0;3267,3268
1020;2401;2929;1;0;1;0;900,901
1021;931;3330;1;0;0;0;744,804,805
1022;267;530;1;1;1;0;1261,1262
1023;30;1259;1;1;1;0;1810,1811
1024;23;1246;1;1;0;1;3644
1025;79;1285;1;1;1;0;3622,3623
1026;1964;275;1;1;0;1;925
1027;1712;665;1;0;1;0;1020,1021
1028;1970;651;1;0;1;0;984,985
1029;2327;581;1;0;1;0;96,97
1030;1853;1700;1;0;1;0;572,573
1031;2218;892;1;0;1;0;1563,1564
1032;2672;486;1;0;1;0;1476,1477
1033;2374;648;1;0;1;0;1568,1569
1034;2487;450;1;0;0;0;1448,1449,2921
1035;2360;564;1;0;1;0;1578,1579
1036;2759;1157;1;0;1;0;2193,2194
1037;2784;1141;1;0;1;0;3138,3139
1038;2693;1029;1;0;1;0;2800,2801
1039;2471;1160;1;0;1;0;2419,2420
1040;2150;1137;1;0;1;0;3480,3481
1041;2044;1254;1;0;1;0;3537,3538
1042;973;420;1;0;1;0;1078,1079
1043;1371;175;1;1;1;0;1995,1996
1044;927;302;1;0;1;0;2169,2170
1045;1567;603;1;0;1;0;1029,1030
1046;1570;581;1;0;0;0;1031,1032,2838
1047;469;381;1;0;1;0;2035,2036
1048;475;391;1;0;1;0;2118,2119
1049;586;525;1;0;1;0;2051,2052
1050;2367;2113;1;0;1;0;2245,2246
1051;2302;2388;1;0;1;0;3268,3269
1052;2464;2974;1;0;1;0;901,902
1053;934;3336;1;0;1;0;743,744
1054;929;3336;1;0;1;0;805,806
1055;235;517;1;1;1;0;1260,1261
1056;35;1269;1;1;1;0;1809,1810
1057;94;1293;1;1;1;0;3623,3624
1058;1711;652;1;0;1;0;1021,1022
1059;2001;626;1;0;1;0;983,984
1060;2327;575;1;0;0;0;95,96,1580,1581
1061;1873;1744;1;0;1;0;573,574
1062;2249;847;1;0;1;0;1564,1565
1063;2702;472;1;0;1;0;1477,1478
1064;2350;662;1;0;1;0;1567,1568
1065;2492;412;1;0;0;0;1449,1450,1544,1545
1066;2473;431;1;0;1;0;2921,2922
1067;2334;575;1;0;1;0;1579,1580
1068;2760;1169;1;0;1;0;2194,2195
1069;2804;1152;1;0;1;0;3137,3138
1070;2692;1010;1;0;1;0;2801,2802
1071;2497;1189;1;0;0;0;2420,2421,2490
1072;2161;1145;1;0;1;0;3481,3482
1073;2043;1249;1;0;1;0;3536,3537
1074;946;409;1;0;1;0;1077,1078
1075;1407;153;1;1;0;0;937,1056,1057,1996
1076;895;294;1;0;0;0;1073,1074,2170
1077;1568;609;1;0;1;0;1028,1029
1078;1572;572;1;0;1;0;1032,1033
1079;1580;566;1;0;1;0;2838,2839
1080;447;346;1;0;1;0;2036,2037
1081;475;390;1;0;1;0;2117,2118
1082;574;493;1;0;1;0;2052,2053
1083;2371;2108;1;0;1;0;2244,2245
1084;2338;2358;1;0;1;0;3269,3270
1085;2480;2986;1;0;1;0;123,902
1086;937;3338;1;0;1;0;742,743
1087;929;3357;1;0;0;0;764,806,1429
1088;189;499;1;1;1;0;1259,1260
1089;62;1299;1;1;1;0;1808,1809
1090;102;1296;1;1;1;0;3624,3625
1091;1708;642;1;0;1;0;1022,1023
1092;2007;625;1;0;0;0;982,983,3666
1093;2332;538;1;0;1;0;94,95
1094;2301;575;1;0;1;0;1581,1582
1095;1892;1773;1;0;0;0;574,575,2215
1096;2315;738;1;0;1;0;1565,1566
1097;2708;470;1;0;1;0;1478,1479
1098;2339;678;1;0;1;0;1566,1567
1099;2492;387;1;0;1;0;1450,1451
1100;2544;439;1;0;1;0;1543,1544
1101;2462;393;1;0;0;0;89,90,1545,2669,2922
1102;2755;1190;1;0;0;0;2195,2196,2496
1103;2840;1158;1;0;1;0;3136,3137
1104;2692;973;1;0;1;0;2802,2803
1105;2497;1202;1;0;1;0;2421,2422
1106;2511;1191;1;0;1;0;2490,2491
1107;2162;1149;1;0;1;0;3482,3483
1108;2040;1243;1;0;1;0;3535,3536
1109;868;336;1;0;1;0;1076,1077
1110;1430;140;1;1;1;0;937,938
1111;1410;157;1;1;1;0;1055,1056
1112;1401;151;1;1;1;0;1057,1058
1113;909;285;1;0;1;0;1072,1073
1114;875;307;1;0;1;0;1074,1075
1115;1572;614;1;0;1;0;1027,1028
1116;1574;545;1;0;1;0;1033,1034
1117;1587;554;1;0;1;0;2839,2840
1118;414;306;1;0;1;0;2037,2038
1119;475;390;1;0;1;0;2116,2117
1120;578;442;1;0;1;0;2053,2054
1121;2374;2102;1;0;1;0;2243,2244
1122;2371;2326;1;0;1;0;3270,3271
1123;2490;2990;1;0;0;0;122,123,2588
1124;944;3340;1;0;0;0;741,742,764
1125;919;3377;1;0;1;0;1429,1430
1126;158;486;1;1;1;0;1258,1259
1127;65;1322;1;1;1;0;1807,1808
1128;121;1295;1;1;1;0;3625,3626
1129;1700;638;1;0;1;0;1023,1024
1130;2016;623;1;0;1;0;981,982
1131;2035;605;1;0;1;0;3666,3667
1132;2357;500;1;0;1;0;93,94
1133;2288;574;1;0;1;0;1582,1583
1134;1923;1812;1;0;1;0;575,576
1135;1893;1781;1;0;1;0;2215,2216
1136;2722;466;1;0;1;0;1479,1480
1137;2484;365;1;0;0;0;87,88,1451
1138;2557;445;1;0;1;0;1542,1543
1139;2476;378;1;0;1;0;88,89
1140;2423;433;1;0;1;0;90,91
1141;2452;342;1;0;1;0;2669,2670
1142;2749;1221;1;0;1;0;2196,2197
1143;2685;1171;1;0;1;0;2495,2496
1144;2863;1157;1;0;1;0;3135,3136
1145;2691;964;1;0;1;0;2803,2804
1146;2501;1217;1;0;1;0;2422,2423
1147;2535;1184;1;0;1;0;2491,2492
1148;2160;1152;1;0;1;0;3483,3484
1149;2042;1233;1;0;1;0;3534,3535
1150;864;319;1;0;0;0;1075,1076,2818
1151;1450;130;1;1;1;0;938,939
1152;1410;163;1;1;1;0;1054,1055
1153;1391;150;1;1;1;0;1058,1059
1154;933;252;1;1;1;0;1071,1072
1155;1576;618;1;0;1;0;1026,1027
1156;1574;533;1;0;1;0;1034,1035
1157;1598;536;1;0;1;0;2840,2841
1158;379;272;1;1;1;0;2038,2039
1159;474;387;1;0;1;0;2115,2116
1160;580;407;1;0;1;0;2054,2055
1161;2376;2090;1;0;1;0;2242,2243
1162;2395;2302;1;0;1;0;3271,3272
1163;2494;2992;1;0;1;0;121,122
1164;2528;2979;1;0;0;0;858,859,2588
1165;986;3327;1;0;1;0;740,741
1166;910;3403;1;0;1;0;1430,1431
1167;142;462;1;1;1;0;1257,1258
1168;42;1342;1;1;1;0;1806,1807
1169;141;1295;1;1;1;0;3626,3627
1170;1683;635;1;0;1;0;1024,1025
1171;2043;626;1;0;1;0;980,981
1172;2052;582;1;0;1;0;3667,3668
1173;2394;469;1;0;1;0;92,93
1174;2272;575;1;0;1;0;1583,1584
1175;1939;1828;1;0;1;0;576,577
1176;1899;1796;1;0;1;0;2216,2217
1177;2735;465;1;0;1;0;1480,1481
1178;2482;333;1;0;1;0;86,87
1179;2564;445;1;0;1;0;1541,1542
1180;2412;451;1;0;1;0;91,92
1181;2459;316;1;0;1;0;2670,2671
1182;2738;1260;1;0;1;0;2197,2198
1183;2648;1165;1;0;1;0;2494,2495
1184;2885;1155;1;0;1;0;3134,3135
1185;2686;950;1;0;1;0;2804,2805
1186;2509;1229;1;0;1;0;2423,2424
1187;2580;1167;1;0;1;0;2492,2493
1188;2156;1153;1;0;1;0;3484,3485
1189;2044;1230;1;0;1;0;3533,3534
1190;779;331;1;0;1;0;2818,2819
1191;1472;121;1;1;1;0;939,940
1192;1386;198;1;1;1;0;1053,1054
1193;1364;151;1;1;0;0;1059,1060,1974
1194;962;178;1;1;1;0;1070,1071
1195;1591;623;1;0;1;0;1025,1026
1196;1571;521;1;0;1;0;1035,1036
1197;1606;521;1;0;1;0;2841,2842
1198;348;220;1;1;1;0;2039,2040
1199;474;387;1;0;1;0;2114,2115
1200;585;386;1;0;1;0;2055,2056
1201;2377;2073;1;0;1;0;2241,2242
1202;2402;2292;1;0;0;0;707,708,3272
1203;2569;3011;1;0;0;0;120,121,858
1204;2528;2975;1;0;0;0;859,860,2579
1205;1045;3300;1;0;1;0;739,740
1206;902;3425;1;0;1;0;1431,1432
1207;132;430;1;1;1;0;1256,1257
1208;3;1379;1;1;0;1;1806
1209;158;1302;1;1;1;0;3627,3628
1210;2059;632;1;0;1;0;979,980
1211;2041;505;1;0;1;0;3668,3669
1212;2262;576;1;0;1;0;1584,1585
1213;1955;1837;1;0;1;0;577,578
1214;1914;1821;1;0;1;0;2217,2218
1215;2748;466;1;0;1;0;1481,1482
1216;2479;320;1;0;1;0;85,86
1217;2573;440;1;0;1;0;1540,1541
1218;2461;292;1;0;1;0;2671,2672
1219;2735;1269;1;0;0;0;1664,2198,2199
1220;2611;1162;1;0;1;0;2493,2494
1221;2907;1151;1;0;0;0;1654,1655,3134
1222;2658;897;1;0;1;0;2805,2806
1223;2530;1239;1;0;1;0;2424,2425
1224;2137;1147;1;0;1;0;3485,3486
1225;2046;1228;1;0;1;0;3532,3533
1226;707;331;1;0;1;0;2819,2820
1227;1490;110;1;1;1;0;940,941
1228;1364;227;1;1;1;0;1052,1053
1229;1314;148;1;1;1;0;1060,1061
1230;1348;143;1;1;1;0;1973,1974
1231;973;170;1;1;1;0;1069,1070
1232;1568;514;1;0;1;0;1036,1037
1233;1613;501;1;0;1;0;2842,2843
1234;318;198;1;1;1;0;2040,2041
1235;474;386;1;0;1;0;2113,2114
1236;580;362;1;0;1;0;2056,2057
1237;2379;2052;1;0;1;0;2240,2241
1238;2386;2300;1;0;1;0;706,707
1239;2409;2289;1;0;1;0;708,709
1240;2612;3038;1;0;0;1;120
1241;2530;2971;1;0;1;0;860,861
1242;2522;2951;1;0;0;0;2578,2579,2580
1243;1063;3291;1;0;1;0;738,739
1244;890;3448;1;0;0;0;1359,1394,1432
1245;113;413;1;1;1;0;1255,1256
1246;167;1311;1;1;1;0;3628,3629
1247;2074;640;1;0;1;0;978,979
1248;2031;467;1;0;1;0;3669,3670
1249;2255;573;1;0;1;0;1585,1586
1250;1986;1856;1;0;1;0;578,579
1251;1947;1853;1;0;1;0;2218,2219
1252;2756;468;1;0;1;0;1482,1483
1253;2481;298;1;0;1;0;84,85
1254;2608;412;1;0;1;0;1539,1540
1255;2460;256;1;1;1;0;2672,2673
1256;2742;1265;1;0;1;0;1663,1664
1257;2730;1282;1;0;0;0;387,388,2199,2200
1258;2903;1143;1;0;1;0;1653,1654
1259;2903;1162;1;0;1;0;1655,1656
1260;2656;889;1;0;1;0;2806,2807
1261;2551;1253;1;0;1;0;2425,2426
1262;2133;1147;1;0;1;0;3486,3487
1263;2049;1227;1;0;1;0;3531,3532
1264;596;283;1;0;1;0;2820,2821
1265;1504;93;1;1;1;0;941,2120
1266;1356;243;1;1;1;0;1051,1052
1267;1257;157;1;1;1;0;1061,1062
1268;1339;136;1;1;1;0;1972,1973
1269;986;167;1;1;1;0;1068,1069
1270;1563;509;1;0;1;0;1037,1038
1271;1622;488;1;0;1;0;2843,2844
1272;254;161;1;1;1;0;2041,2042
1273;474;385;1;0;1;0;2112,2113
1274;573;332;1;0;1;0;2057,2058
1275;2377;2044;1;0;1;0;2239,2240
1276;2335;2314;1;0;0;1;706
1277;2440;2289;1;0;1;0;709,710
1278;2539;2961;1;0;1;0;861,862
1279;2562;2920;1;0;0;0;2578,2586,2587
1280;2503;2922;1;0;1;0;2580,2581
1281;1087;3285;1;0;1;0;737,738
1282;873;3472;1;0;1;0;1359,1360
1283;878;3453;1;0;1;0;1394,1395
1284;100;405;1;1;1;0;1254,1255
1285;177;1316;1;1;1;0;3629,3630
1286;2096;661;1;0;1;0;977,978
1287;2004;447;1;0;1;0;3670,3671
1288;2248;569;1;0;1;0;1586,1587
1289;2051;1871;1;0;1;0;579,580
1290;1967;1875;1;0;1;0;2219,2220
1291;2762;472;1;0;1;0;1483,1484
1292;2488;284;1;0;1;0;83,84
1293;2661;381;1;0;1;0;1538,1539
1294;2462;236;1;1;1;0;2673,2674
1295;2757;1261;1;0;1;0;1662,1663
1296;2743;1296;1;0;1;0;386,387
1297;2726;1278;1;0;1;0;388,389
1298;2730;1309;1;0;1;0;2200,2201
1299;2889;1135;1;0;1;0;1652,1653
1300;2888;1190;1;0;1;0;1656,1657
1301;2656;883;1;0;1;0;2807,2808
1302;2557;1261;1;0;0;0;2426,2427,2448
1303;2133;1150;1;0;1;0;3487,3488
1304;2055;1229;1;0;1;0;3530,3531
1305;559;277;1;1;0;0;2060,2061,2821
1306;1513;90;1;1;1;0;1439,2120
1307;1352;268;1;1;1;0;1050,1051
1308;1181;180;1;1;1;0;1062,1063
1309;1325;114;1;1;1;0;1971,1972
1310;1008;168;1;1;1;0;1067,1068
1311;1556;505;1;0;1;0;1038,1039
1312;1633;489;1;0;1;0;2844,2845
1313;242;158;1;1;1;0;2042,2043
1314;476;382;1;0;1;0;2111,2112
1315;567;319;1;0;1;0;2058,2059
1316;2374;2036;1;0;1;0;2238,2239
1317;2445;2285;1;0;1;0;710,711
1318;2571;2930;1;0;0;0;862,863,2587
1319;2527;2882;1;0;1;0;2585,2586
1320;2497;2911;1;0;1;0;2581,2582
1321;1117;3280;1;0;1;0;736,737
1322;862;3506;1;0;1;0;1360,1361
1323;869;3458;1;0;1;0;1395,1396
1324;69;401;1;1;0;1;1254
1325;202;1323;1;1;1;0;3630,3631
1326;2102;666;1;0;1;0;976,977
1327;1975;435;1;0;0;1;3671
1328;2243;563;1;0;1;0;1587,1588
1329;2089;1879;1;0;1;0;580,581
1330;1979;1893;1;0;1;0;2220,2221
1331;2763;475;1;0;1;0;1484,1485
1332;2492;272;1;1;1;0;82,83
1333;2671;379;1;0;1;0;1537,1538
1334;2460;221;1;1;1;0;2674,2675
1335;2782;1245;1;0;1;0;1661,1662
1336;2810;1388;1;0;1;0;385,386
1337;2692;1249;1;0;1;0;389,390
1338;2739;1343;1;0;1;0;2201,2202
1339;2849;1110;1;0;1;0;1651,1652
1340;2875;1207;1;0;1;0;1657,1658
1341;2662;872;1;0;1;0;2808,2809
1342;2560;1258;1;0;1;0;2427,2428
1343;2559;1265;1;0;1;0;2448,2449
1344;2134;1153;1;0;1;0;3488,3489
1345;2060;1232;1;0;1;0;3529,3530
1346;557;295;1;0;1;0;2059,2060
1347;570;261;1;1;1;0;2061,2062
1348;1520;81;1;1;1;0;1439,1440
1349;1352;305;1;0;1;0;1049,1050
1350;1143;192;1;1;1;0;1063,1064
1351;1301;90;1;1;1;0;1970,1971
1352;1044;184;1;1;1;0;1066,1067
1353;1545;502;1;0;1;0;1039,1040
1354;1642;497;1;0;1;0;2845,2846
1355;239;159;1;1;0;0;1247,1248,2043
1356;477;381;1;0;1;0;2110,2111
1357;2350;2029;1;0;1;0;2237,2238
1358;2478;2276;1;0;1;0;711,712
1359;2573;2927;1;0;1;0;863,864
1360;2521;2881;1;0;1;0;2584,2585
1361;2498;2904;1;0;1;0;2582,2583
1362;1142;3277;1;0;1;0;735,736
1363;858;3539;1;0;1;0;1361,1362
1364;850;3464;1;0;1;0;1396,1397
1365;261;1339;1;1;1;0;3631,3632
1366;2110;666;1;0;1;0;975,976
1367;2235;546;1;0;1;0;1588,1589
1368;2102;1880;1;0;1;0;581,582
1369;1995;1906;1;0;1;0;2221,2222
1370;2764;477;1;0;1;0;1485,1486
1371;2496;267;1;1;1;0;81,82
1372;2680;380;1;0;1;0;1536,1537
1373;2433;147;1;1;1;0;2675,2676
1374;2798;1234;1;0;1;0;1660,1661
1375;2825;1412;1;0;0;0;384,385,2444
1376;2680;1243;1;0;1;0;390,391
1377;2741;1364;1;0;0;0;2202,2440,2441
1378;2813;1079;1;0;1;0;1650,1651
1379;2843;1222;1;0;1;0;1658,1659
1380;2669;862;1;0;1;0;2809,2810
1381;2565;1254;1;0;1;0;2428,2429
1382;2559;1274;1;0;1;0;2449,2450
1383;2134;1156;1;0;1;0;3489,3490
1384;2076;1238;1;0;1;0;3528,3529
1385;582;259;1;1;1;0;2062,2063
1386;1524;76;1;1;0;0;1244,1440,1441
1387;1360;326;1;0;1;0;1048,1049
1388;1083;193;1;1;1;0;1064,1065
1389;1289;67;1;1;1;0;1969,1970
1390;1061;192;1;1;1;0;1065,1066
1391;1482;497;1;0;1;0;1040,1041
1392;1650;513;1;0;1;0;2846,2847
1393;234;148;1;1;1;0;1246,1247
1394;244;191;1;1;1;0;1248,1249
1395;477;380;1;0;1;0;2109,2110
1396;2297;2020;1;0;1;0;2236,2237
1397;2527;2261;1;0;1;0;712,713
1398;2587;2917;1;0;0;1;864
1399;2517;2883;1;0;1;0;2583,2584
1400;1157;3279;1;0;1;0;734,735
1401;851;3562;1;0;1;0;1362,1363
1402;830;3469;1;0;1;0;1397,1398
1403;284;1348;1;1;1;0;3632,3633
1404;2115;665;1;0;1;0;974,975
1405;2233;521;1;0;1;0;1589,1590
1406;2113;1878;1;0;1;0;582,583
1407;2014;1915;1;0;1;0;2222,2223
1408;2768;483;1;0;1;0;1486,1487
1409;2504;267;1;1;1;0;80,81
1410;2707;386;1;0;1;0;1535,1536
1411;2424;127;1;1;1;0;2676,2677
1412;2812;1227;1;0;1;0;1659,1660
1413;2847;1439;1;0;1;0;383,384
1414;2811;1402;1;0;1;0;2443,2444
1415;2663;1242;1;0;1;0;391,392
1416;2707;1344;1;0;1;0;2439,2440
1417;2755;1372;1;0;1;0;2441,2442
1418;2797;1051;1;0;1;0;1649,1650
1419;2678;853;1;0;0;0;2782,2810,2811
1420;2570;1251;1;0;1;0;2429,2430
1421;2556;1283;1;0;1;0;2450,2451
1422;2132;1159;1;0;1;0;3490,3491
1423;2082;1238;1;0;1;0;3527,3528
1424;599;255;1;1;1;0;2063,2064
1425;1540;74;1;1;1;0;1243,1244
1426;1534;64;1;1;1;0;1441,1442
1427;1374;349;1;0;1;0;1047,1048
1428;1270;13;1;1;0;1;1969
1429;1471;496;1;0;1;0;1041,1042
1430;1659;534;1;0;1;0;2847,2848
1431;214;113;1;1;1;0;1245,1246
1432;244;202;1;1;1;0;1249,1250
1433;476;379;1;0;1;0;2108,2109
1434;2233;2003;1;0;1;0;2235,2236
1435;2574;2248;1;0;1;0;713,714
1436;1170;3281;1;0;1;0;733,734
1437;815;3621;1;0;0;0;1363,1364,3104
1438;772;3482;1;0;1;0;1398,1399
1439;305;1359;1;1;1;0;3633,3634
1440;2118;658;1;0;1;0;973,974
1441;2233;512;1;0;1;0;1590,1591
1442;2142;1870;1;0;1;0;583,584
1443;2044;1928;1;0;1;0;2223,2224
1444;2769;485;1;0;0;0;1487,1488,2776
1445;2512;266;1;1;1;0;79,80
1446;2722;388;1;0;1;0;1534,1535
1447;2417;101;1;1;0;0;2677,2678,2681,3565
1448;2849;1444;1;0;0;0;382,383,2445,2702
1449;2791;1389;1;0;1;0;2442,2443
1450;2623;1245;1;0;1;0;392,393
1451;2688;1330;1;0;1;0;2438,2439
1452;2799;1028;1;0;1;0;1648,1649
1453;2648;848;1;0;1;0;2782,2783
1454;2694;846;1;0;1;0;2811,2812
1455;2576;1249;1;0;1;0;2430,2431
1456;2538;1310;1;0;1;0;2451,2452
1457;2129;1161;1;0;1;0;3491,3492
1458;2084;1236;1;0;1;0;3526,3527
1459;626;242;1;1;1;0;2064,2065
1460;1559;75;1;1;1;0;1242,1243
1461;1540;39;1;1;1;0;1442,1443
1462;1414;396;1;0;1;0;1046,1047
1463;1462;492;1;0;1;0;1042,1043
1464;1662;545;1;0;1;0;2848,2849
1465;162;21;1;1;0;1;1245
1466;241;213;1;1;1;0;1250,1251
1467;476;378;1;0;1;0;2107,2108
1468;2202;1995;1;0;1;0;2234,2235
1469;2609;2253;1;0;1;0;714,715
1470;1209;3302;1;0;1;0;732,733
1471;806;3628;1;0;1;0;1364,1365
1472;810;3644;1;0;1;0;3104,3105
1473;752;3481;1;0;1;0;1399,1400
1474;310;1365;1;1;1;0;3634,3635
1475;2125;635;1;0;1;0;972,973
1476;2234;505;1;0;1;0;1591,1592
1477;2184;1859;1;0;1;0;584,585
1478;2059;1932;1;0;1;0;2224,2225
1479;2770;491;1;0;1;0;1488,1489
1480;2781;488;1;0;1;0;2776,2777
1481;2521;271;1;1;1;0;78,79
1482;2735;392;1;0;1;0;1533,1534
1483;2418;93;1;1;1;0;2678,2679
1484;2405;94;1;1;1;0;2681,2682
1485;2414;91;1;1;1;0;3565,3566
1486;2853;1466;1;0;1;0;381,382
1487;2870;1464;1;0;1;0;2445,2446
1488;2853;1444;1;0;1;0;2701,2702
1489;2604;1247;1;0;1;0;393,394
1490;2674;1314;1;0;1;0;2437,2438
1491;2806;1009;1;0;1;0;1647,1648
1492;2638;845;1;0;1;0;2783,2784
1493;2708;838;1;0;1;0;2812,2813
1494;2581;1248;1;0;1;0;2431,2432
1495;2523;1334;1;0;1;0;2452,2453
1496;2120;1155;1;0;1;0;3492,3493
1497;2083;1231;1;0;1;0;3525,3526
1498;661;220;1;1;1;0;2065,2066
1499;1570;77;1;1;1;0;1241,1242
1500;1544;31;1;1;1;0;1443,1444
1501;1427;423;1;0;1;0;1045,1046
1502;1453;484;1;0;1;0;1043,1044
1503;1667;551;1;0;1;0;2849,2850
1504;224;228;1;1;1;0;1251,1252
1505;476;378;1;0;1;0;2106,2107
1506;2174;1987;1;0;1;0;2233,2234
1507;2650;2260;1;0;1;0;715,716
1508;1240;3322;1;0;1;0;731,732
1509;786;3639;1;0;1;0;1365,1366
1510;798;3674;1;0;1;0;3105,3106
1511;736;3477;1;0;1;0;1400,1401
1512;313;1371;1;1;1;0;3635,3636
1513;2130;607;1;0;1;0;971,972
1514;2234;499;1;0;1;0;1592,1593
1515;2206;1851;1;0;1;0;585,586
1516;2066;1934;1;0;1;0;2225,2226
1517;2763;504;1;0;1;0;1489,1490
1518;2818;491;1;0;1;0;2777,2778
1519;2531;284;1;0;1;0;77,78
1520;2748;395;1;0;1;0;1532,1533
1521;2436;49;1;1;1;0;2679,2680
1522;2378;106;1;1;1;0;2682,2683
1523;2414;79;1;1;1;0;3566,3567
1524;2856;1484;1;0;1;0;380,381
1525;2886;1477;1;0;1;0;2446,2447
1526;2858;1445;1;0;1;0;2700,2701
1527;2593;1249;1;0;0;0;394,2432,2433
1528;2664;1295;1;0;1;0;2436,2437
1529;2820;982;1;0;1;0;1646,1647
1530;2627;838;1;0;1;0;2784,2785
1531;2728;817;1;0;1;0;2813,2814
1532;2518;1339;1;0;1;0;2453,2454
1533;2117;1155;1;0;1;0;3493,3494
1534;2080;1227;1;0;1;0;3524,3525
1535;698;194;1;1;1;0;2066,2067
1536;1580;79;1;1;1;0;1240,1241
1537;1548;0;1;1;0;1;1444
1538;1440;465;1;0;1;0;1044,1045
1539;1675;553;1;0;1;0;2850,2851
1540;211;238;1;1;1;0;1252,1253
1541;471;373;1;0;1;0;2105,2106
1542;2159;1986;1;0;1;0;2232,2233
1543;2706;2266;1;0;1;0;716,717
1544;1257;3337;1;0;1;0;730,731
1545;763;3647;1;0;1;0;1366,1367
1546;772;3746;1;0;1;0;3106,3107
1547;718;3472;1;0;0;0;823,1401,1402
1548;315;1380;1;1;0;0;3607,3636,3637
1549;2130;581;1;0;1;0;970,971
1550;2233;491;1;0;1;0;1593,1594
1551;2261;1814;1;0;1;0;586,587
1552;2077;1939;1;0;1;0;2226,2227
1553;2760;508;1;0;1;0;1490,1491
1554;2853;495;1;0;1;0;2778,2779
1555;2542;309;1;0;1;0;76,77
1556;2760;395;1;0;1;0;1531,1532
1557;2437;5;1;1;0;1;2680
1558;2331;145;1;1;1;0;2683,2684
1559;2406;72;1;1;1;0;3567,3568
1560;2859;1496;1;0;1;0;379,380
1561;2895;1481;1;0;0;0;373,374,2447
1562;2879;1452;1;0;1;0;2699,2700
1563;2616;1256;1;0;1;0;2433,2434
1564;2652;1277;1;0;1;0;2435,2436
1565;2840;961;1;0;1;0;1645,1646
1566;2618;826;1;0;1;0;2785,2786
1567;2759;793;1;0;1;0;2814,2815
1568;2508;1342;1;0;1;0;2454,2455
1569;2115;1157;1;0;1;0;3494,3495
1570;2075;1223;1;0;1;0;3523,3524
1571;712;176;1;1;1;0;2067,2068
1572;1592;78;1;1;1;0;1239,1240
1573;1680;549;1;0;0;1;2851
1574;104;304;1;1;0;1;1253
1575;470;353;1;0;1;0;2104,2105
1576;2138;1981;1;0;1;0;2231,2232
1577;2727;2269;1;0;1;0;717,718
1578;1270;3349;1;0;1;0;729,730
1579;729;3661;1;0;1;0;1367,1368
1580;770;3750;1;0;1;0;3107,3108
1581;698;3486;1;0;1;0;823,824
1582;692;3464;1;0;1;0;1402,1403
1583;324;1359;1;1;1;0;3607,3608
1584;314;1390;1;1;1;0;3637,3638
1585;2131;551;1;0;0;0;969,970,1600
1586;2229;488;1;0;1;0;1594,1595
1587;2306;1799;1;0;1;0;587,588
1588;2082;1951;1;0;1;0;2227,2228
1589;2755;511;1;0;1;0;1491,1492
1590;2885;502;1;0;1;0;2779,2780
1591;2552;320;1;0;1;0;75,76
1592;2782;392;1;0;1;0;1530,1531
1593;2330;147;1;1;1;0;2684,2685
1594;2385;60;1;1;1;0;3568,3569
1595;2863;1503;1;0;1;0;378,379
1596;2913;1448;1;0;0;0;372,373,2697
1597;2879;1504;1;0;0;0;374,375,2664,2756
1598;2895;1454;1;0;1;0;2698,2699
1599;2638;1266;1;0;1;0;2434,2435
1600;2868;926;1;0;1;0;1644,1645
1601;2606;805;1;0;1;0;2786,2787
1602;2781;780;1;0;1;0;2815,2816
1603;2484;1338;1;0;1;0;2455,2456
1604;2117;1170;1;0;1;0;3495,3496
1605;2073;1221;1;0;1;0;3522,3523
1606;709;157;1;1;1;0;2068,2069
1607;1612;74;1;1;1;0;1238,1239
1608;475;334;1;0;1;0;2103,2104
1609;2090;1968;1;0;1;0;2230,2231
1610;2773;2290;1;0;1;0;682,718
1611;1301;3388;1;0;1;0;728,729
1612;706;3670;1;0;1;0;1368,1369
1613;756;3765;1;0;1;0;3108,3109
1614;651;3494;1;0;1;0;824,825
1615;648;3443;1;0;0;0;819,1403,1404
1616;341;1328;1;1;1;0;3608,3609
1617;310;1396;1;1;1;0;3638,3639
1618;2138;512;1;0;1;0;968,969
1619;2155;535;1;0;1;0;1599,1600
1620;2224;485;1;0;1;0;1595,1596
1621;2364;1787;1;0;1;0;588,589
1622;2082;1961;1;0;1;0;2228,2229
1623;2750;520;1;0;1;0;1492,1493
1624;2900;507;1;0;1;0;2780,2781
1625;2558;318;1;0;1;0;74,75
1626;2794;392;1;0;1;0;1529,1530
1627;2329;149;1;1;1;0;2685,2686
1628;2369;52;1;1;1;0;3569,3570
1629;2868;1506;1;0;1;0;377,378
1630;2922;1424;1;0;1;0;371,372
1631;2906;1453;1;0;1;0;2697,2698
1632;2875;1505;1;0;1;0;375,376
1633;2927;1499;1;0;1;0;2664,2665
1634;2880;1542;1;0;1;0;2755,2756
1635;2871;911;1;0;1;0;1643,1644
1636;2603;795;1;0;1;0;2787,2788
1637;2798;767;1;0;1;0;2816,2817
1638;2471;1334;1;0;1;0;2456,2457
1639;2117;1173;1;0;1;0;3496,3497
1640;2070;1216;1;0;1;0;3521,3522
1641;688;137;1;1;1;0;2069,2070
1642;1636;73;1;1;1;0;1237,1238
1643;473;327;1;0;1;0;2102,2103
1644;2083;1965;1;0;1;0;2229,2230
1645;2829;2319;1;0;1;0;682,683
1646;1320;3420;1;0;1;0;727,728
1647;677;3679;1;0;1;0;1369,1370
1648;748;3774;1;0;1;0;3109,3110
1649;633;3497;1;0;1;0;825,826
1650;611;3414;1;0;1;0;819,820
1651;623;3437;1;0;1;0;1404,1405
1652;354;1295;1;1;1;0;3609,3610
1653;298;1405;1;1;1;0;3639,3640
1654;2162;457;1;0;1;0;967,968
1655;2173;522;1;0;1;0;1598,1599
1656;2216;486;1;0;1;0;1596,1597
1657;2377;1784;1;0;1;0;589,590
1658;2746;532;1;0;1;0;1493,1494
1659;2915;514;1;0;0;0;1523,2757,2781
1660;2562;318;1;0;1;0;73,74
1661;2803;394;1;0;1;0;1528,1529
1662;2329;172;1;1;1;0;2686,2687
1663;2350;46;1;1;1;0;3570,3571
1664;2872;1506;1;0;1;0;376,377
1665;2924;1404;1;0;1;0;370,371
1666;2960;1498;1;0;1;0;2665,2666
1667;2885;1559;1;0;1;0;2754,2755
1668;2868;902;1;0;1;0;1642,1643
1669;2600;791;1;0;1;0;2788,2789
1670;2818;751;1;0;0;0;1632,1633,2817
1671;2462;1336;1;0;1;0;2457,2458
1672;2116;1177;1;0;1;0;3497,3498
1673;2070;1211;1;0;1;0;3520,3521
1674;666;116;1;1;1;0;2070,2071
1675;1679;73;1;1;1;0;1236,1237
1676;472;321;1;0;1;0;2101,2102
1677;2911;2385;1;0;1;0;683,684
1678;1333;3439;1;0;1;0;726,727
1679;651;3689;1;0;0;0;1370,1371,1433,3716
1680;732;3796;1;0;1;0;3110,3111
1681;612;3490;1;0;0;1;826
1682;580;3394;1;0;1;0;820,821
1683;580;3418;1;0;1;0;1405,1406
1684;378;1267;1;0;1;0;3610,3611
1685;236;1456;1;1;1;0;3640,3641
1686;2168;435;1;0;1;0;966,967
1687;2188;507;1;0;1;0;1597,1598
1688;2407;1774;1;0;1;0;590,591
1689;2747;547;1;0;1;0;1494,1495
1690;2898;490;1;0;1;0;1523,1524
1691;2967;540;1;0;1;0;2757,2758
1692;2572;305;1;0;1;0;72,73
1693;2819;406;1;0;1;0;1527,1528
1694;2328;172;1;1;1;0;2687,2688
1695;2333;48;1;1;1;0;3571,3572
1696;2923;1365;1;0;1;0;369,370
1697;3109;1483;1;0;1;0;2666,2667
1698;2887;1577;1;0;1;0;2753,2754
1699;2861;895;1;0;1;0;1641,1642
1700;2597;788;1;0;1;0;2789,2790
1701;2801;729;1;0;1;0;1631,1632
1702;2824;770;1;0;1;0;1633,1634
1703;2459;1342;1;0;1;0;2458,2459
1704;2114;1179;1;0;1;0;3498,3499
1705;2067;1210;1;0;1;0;3519,3520
1706;653;98;1;1;1;0;2071,2072
1707;1747;75;1;1;1;0;1235,1236
1708;473;292;1;0;1;0;2100,2101
1709;2958;2409;1;0;1;0;684,685
1710;1351;3456;1;0;1;0;725,726
1711;621;3692;1;0;1;0;1371,1372
1712;631;3682;1;0;1;0;1433,1434
1713;635;3709;1;0;1;0;3715,3716
1714;721;3809;1;0;1;0;3111,3112
1715;558;3368;1;0;1;0;821,822
1716;548;3403;1;0;1;0;1406,1407
1717;389;1251;1;0;1;0;3611,3612
1718;177;1498;1;1;1;0;3641,3642
1719;2166;416;1;0;1;0;965,966
1720;2418;1773;1;0;1;0;591,592
1721;2750;563;1;0;1;0;1495,1496
1722;2873;457;1;0;1;0;1524,1525
1723;3008;568;1;0;1;0;2758,2759
1724;2572;282;1;0;1;0;71,72
1725;2837;424;1;0;1;0;1526,1527
1726;2328;173;1;1;1;0;2688,2689
1727;2306;43;1;1;1;0;3572,3573
1728;2924;1360;1;0;1;0;368,369
1729;3146;1483;1;0;1;0;2667,2668
1730;2884;1593;1;0;1;0;2752,2753
1731;2853;885;1;0;1;0;1640,1641
1732;2593;784;1;0;1;0;2790,2791
1733;2754;715;1;0;1;0;1630,1631
1734;2825;789;1;0;1;0;1634,1635
1735;2463;1352;1;0;1;0;2459,2460
1736;2110;1176;1;0;1;0;3499,3500
1737;2065;1208;1;0;1;0;3518,3519
1738;653;87;1;1;1;0;2072,2073
1739;1812;72;1;1;1;0;1234,1235
1740;472;285;1;0;1;0;2099,2100
1741;2972;2428;1;0;1;0;685,686
1742;1368;3472;1;0;1;0;724,725
1743;605;3695;1;0;1;0;1372,1373
1744;603;3669;1;0;1;0;1434,1435
1745;612;3735;1;0;1;0;3714,3715
1746;715;3814;1;0;1;0;3112,3113
1747;538;3335;1;0;0;1;822
1748;522;3397;1;0;1;0;1407,1408
1749;404;1237;1;0;1;0;3612,3613
1750;145;1501;1;1;1;0;3642,3643
1751;2170;384;1;0;1;0;964,965
1752;2443;1777;1;0;1;0;592,593
1753;2759;577;1;0;1;0;1496,1497
1754;2856;436;1;0;1;0;1525,1526
1755;3054;610;1;0;1;0;2759,2760
1756;2585;268;1;1;1;0;70,71
1757;2326;173;1;1;1;0;2689,2690
1758;2298;43;1;1;1;0;3573,3574
1759;2927;1355;1;0;1;0;367,368
1760;3190;1486;1;0;1;0;2668,3449
1761;2879;1607;1;0;1;0;2751,2752
1762;2840;881;1;0;1;0;1639,1640
1763;2592;778;1;0;1;0;2791,2792
1764;2743;711;1;0;1;0;1629,1630
1765;2807;827;1;0;1;0;1635,1636
1766;2490;1378;1;0;1;0;2460,2461
1767;2107;1173;1;0;1;0;3500,3501
1768;2063;1204;1;0;1;0;3517,3518
1769;660;75;1;1;1;0;2073,2074
1770;1849;59;1;1;1;0;1233,1234
1771;468;249;1;1;1;0;2098,2099
1772;2987;2431;1;0;1;0;686,687
1773;1412;3506;1;0;1;0;723,724
1774;575;3707;1;0;1;0;1373,1374
1775;587;3658;1;0;1;0;1435,1436
1776;599;3765;1;0;1;0;3713,3714
1777;668;3835;1;0;1;0;3113,3114
1778;501;3394;1;0;1;0;1408,1409
1779;411;1234;1;0;1;0;3613,3614
1780;117;1508;1;1;0;1;3643
1781;2184;358;1;0;1;0;963,964
1782;2466;1782;1;0;1;0;593,594
1783;2767;584;1;0;1;0;1497,1502
1784;3125;696;1;0;1;0;2760,2761
1785;2586;243;1;1;1;0;69,70
1786;2323;172;1;1;1;0;2690,2691
1787;2289;45;1;1;1;0;3574,3575
1788;2948;1339;1;0;1;0;366,367
1789;3217;1495;1;0;1;0;3449,3450
1790;2870;1622;1;0;1;0;2750,2751
1791;2812;863;1;0;1;0;1638,1639
1792;2593;769;1;0;1;0;2792,2793
1793;2741;708;1;0;1;0;1628,1629
1794;2802;836;1;0;1;0;1636,1637
1795;2497;1389;1;0;1;0;2461,2462
1796;2104;1172;1;0;1;0;3501,3502
1797;2064;1200;1;0;1;0;3516,3517
1798;673;65;1;1;1;0;2074,2075
1799;1885;44;1;1;1;0;1232,1233
1800;471;242;1;1;1;0;2097,2098
1801;3010;2458;1;0;1;0;687,688
1802;1447;3528;1;0;1;0;722,723
1803;555;3715;1;0;1;0;1374,1375
1804;568;3658;1;0;1;0;1436,1437
1805;591;3812;1;0;1;0;3712,3713
1806;607;3863;1;0;0;0;3114,3706,3707
1807;488;3394;1;0;1;0;1409,1410
1808;420;1228;1;0;1;0;3614,3615
1809;2190;334;1;0;1;0;962,963
1810;2500;1798;1;0;1;0;594,595
1811;2774;587;1;0;1;0;1501,1502
1812;3161;734;1;0;0;0;2761,2762,2918
1813;2601;209;1;1;1;0;68,69
1814;2320;169;1;1;1;0;2691,2692
1815;2279;50;1;1;1;0;3575,3576
1816;2973;1322;1;0;1;0;365,366
1817;3250;1505;1;0;1;0;3450,3451
1818;2863;1629;1;0;1;0;2749,2750
1819;2802;848;1;0;1;0;1637,1638
1820;2593;762;1;0;1;0;2793,2794
1821;2741;702;1;0;1;0;1627,1628
1822;2539;1408;1;0;1;0;2462,2463
1823;2104;1175;1;0;1;0;3502,3503
1824;2067;1197;1;0;1;0;3515,3516
1825;680;62;1;1;0;0;2075,2076,2694
1826;1887;41;1;1;0;0;922,1232,3437
1827;469;227;1;1;1;0;2096,2097
1828;3082;2531;1;0;1;0;688,689
1829;1460;3535;1;0;1;0;721,722
1830;529;3733;1;0;1;0;1375,1376
1831;550;3664;1;0;1;0;1437,1438
1832;590;3831;1;0;0;0;3599,3711,3712
1833;602;3871;1;0;0;0;3600,3705,3706
1834;607;3857;1;0;1;0;3707,3708
1835;480;3396;1;0;1;0;1410,1411
1836;427;1222;1;0;1;0;3615,3616
1837;2189;310;1;0;1;0;961,962
1838;2526;1819;1;0;1;0;595,596
1839;2780;589;1;0;1;0;1500,1501
1840;3175;753;1;0;1;0;2762,2763
1841;3198;744;1;0;1;0;2917,2918
1842;2643;176;1;1;1;0;67,68
1843;2315;164;1;1;1;0;2692,2693
1844;2274;55;1;1;1;0;3576,3577
1845;3016;1311;1;0;1;0;364,365
1846;3281;1515;1;0;1;0;3451,3452
1847;2852;1631;1;0;1;0;2748,2749
1848;2588;757;1;0;1;0;2794,2795
1849;2751;691;1;0;1;0;1626,1627
1850;2554;1417;1;0;1;0;2463,2464
1851;2106;1180;1;0;1;0;3503,3504
1852;2078;1198;1;0;1;0;3514,3515
1853;700;53;1;1;1;0;2076,2077
1854;688;37;1;1;1;0;2694,2695
1855;1886;70;1;1;0;1;922
1856;1908;75;1;1;1;0;3437,3438
1857;483;203;1;1;1;0;2095,2096
1858;3106;2565;1;0;1;0;689,690
1859;1496;3541;1;0;1;0;720,721
1860;503;3761;1;0;1;0;1376,1377
1861;540;3667;1;0;1;0;1379,1438
1862;571;3862;1;0;0;0;3599,3601,3602
1863;598;3837;1;0;1;0;3710,3711
1864;580;3864;1;0;1;0;3600,3601
1865;598;3877;1;0;1;0;3704,3705
1866;607;3851;1;0;1;0;3708,3709
1867;473;3401;1;0;1;0;1411,1412
1868;430;1216;1;0;1;0;3616,3617
1869;2190;287;1;0;1;0;960,961
1870;2568;1856;1;0;1;0;596,597
1871;2784;590;1;0;1;0;1499,1500
1872;3184;791;1;0;1;0;2763,2764
1873;3221;756;1;0;1;0;2916,2917
1874;2648;174;1;1;0;0;66,67,3558
1875;2310;161;1;1;0;0;953,954,2693
1876;2239;56;1;1;1;0;3577,3578
1877;3069;1268;1;0;1;0;363,364
1878;3302;1525;1;0;1;0;3452,3453
1879;2846;1630;1;0;1;0;2747,2748
1880;2571;749;1;0;0;1;2795
1881;2778;664;1;0;1;0;1625,1626
1882;2587;1430;1;0;1;0;2464,2465
1883;2107;1184;1;0;1;0;3504,3505
1884;2085;1198;1;0;1;0;3513,3514
1885;738;36;1;1;1;0;2077,2078
1886;695;21;1;1;1;0;2695,2696
1887;1916;84;1;1;1;0;3438,3439
1888;503;182;1;1;1;0;2094,2095
1889;3113;2579;1;0;0;1;690
1890;1537;3580;1;0;1;0;719,720
1891;489;3778;1;0;1;0;1377,1378
1892;539;3663;1;0;0;0;1379,1380,1391,1392
1893;561;3862;1;0;1;0;3602,3603
1894;602;3843;1;0;1;0;3709,3710
1895;594;3884;1;0;1;0;2903,3704
1896;469;3409;1;0;1;0;1412,1413
1897;434;1210;1;0;1;0;3617,3618
1898;2195;266;1;1;1;0;959,960
1899;2627;1905;1;0;1;0;597,598
1900;2790;591;1;0;1;0;1498,1499
1901;3186;835;1;0;1;0;2764,2765
1902;3242;787;1;0;1;0;2915,2916
1903;2662;167;1;1;1;0;65,66
1904;2627;166;1;1;1;0;3558,3559
1905;2306;139;1;1;1;0;952,953
1906;2302;173;1;1;1;0;954,955
1907;2198;52;1;1;1;0;3578,3579
1908;3077;1255;1;0;1;0;362,363
1909;3319;1533;1;0;1;0;3453,3454
1910;2827;1621;1;0;1;0;2746,2747
1911;2793;649;1;0;1;0;1624,1625
1912;2604;1441;1;0;1;0;2465,2466
1913;2106;1186;1;0;1;0;3505,3506
1914;2088;1195;1;0;1;0;3512,3513
1915;776;25;1;1;1;0;2078,2079
1916;699;10;1;1;0;1;2696
1917;1925;89;1;1;1;0;3439,3440
1918;513;160;1;1;1;0;2093,2094
1919;1546;3583;1;0;1;0;719,3722
1920;482;3787;1;0;1;0;1378,1707
1921;536;3663;1;0;1;0;1345,1380
1922;535;3666;1;0;1;0;1390,1391
1923;541;3661;1;0;1;0;1392,1393
1924;553;3863;1;0;1;0;3603,3604
1925;593;3892;1;0;1;0;2902,2903
1926;467;3419;1;0;1;0;1413,1414
1927;443;1199;1;0;0;1;3618
1928;2201;254;1;1;1;0;958,959
1929;2655;1922;1;0;1;0;598,599
1930;2796;592;1;0;0;0;1498,1620,1621
1931;3183;851;1;0;1;0;2765,2766
1932;3242;824;1;0;1;0;2914,2915
1933;2676;155;1;1;1;0;64,65
1934;2613;158;1;1;1;0;3559,3560
1935;2294;130;1;1;1;0;951,952
1936;2280;192;1;1;1;0;955,956
1937;2193;50;1;1;1;0;3579,3580
1938;3083;1203;1;0;1;0;361,362
1939;3332;1544;1;0;1;0;3454,3455
1940;2805;1609;1;0;1;0;2745,2746
1941;2799;638;1;0;1;0;1623,1624
1942;2624;1459;1;0;1;0;2466,2467
1943;2104;1188;1;0;1;0;3506,3507
1944;2088;1191;1;0;1;0;3511,3512
1945;833;20;1;1;1;0;2079,2080
1946;1937;92;1;1;1;0;3440,3441
1947;518;140;1;1;1;0;2092,2093
1948;1553;3588;1;0;1;0;3721,3722
1949;464;3801;1;0;1;0;1707,1708
1950;531;3658;1;0;1;0;1345,1346
1951;530;3667;1;0;1;0;1389,1390
1952;548;3656;1;0;0;1;1393
1953;544;3866;1;0;1;0;3604,3605
1954;594;3902;1;0;1;0;2901,2902
1955;460;3439;1;0;1;0;1414,1415
1956;2220;231;1;1;1;0;957,958
1957;2670;1928;1;0;1;0;334,599
1958;2799;591;1;0;1;0;1619,1620
1959;2795;604;1;0;1;0;1621,1622
1960;3166;871;1;0;1;0;2766,2767
1961;3234;878;1;0;1;0;2913,2914
1962;2689;150;1;1;1;0;63,64
1963;2590;130;1;1;1;0;3560,3561
1964;2272;115;1;1;1;0;950,951
1965;2240;211;1;1;1;0;956,957
1966;2187;52;1;1;1;0;3580,3581
1967;3118;1126;1;0;1;0;360,361
1968;3356;1566;1;0;1;0;3455,3456
1969;2787;1586;1;0;1;0;2744,2745
1970;2800;621;1;0;1;0;1622,1623
1971;2636;1474;1;0;1;0;2467,2468
1972;2098;1187;1;0;1;0;3507,3508
1973;2088;1188;1;0;1;0;3510,3511
1974;952;2;1;1;0;1;2080
1975;1956;91;1;1;1;0;3441,3442
1976;521;126;1;1;1;0;2091,2092
1977;1558;3590;1;0;1;0;3720,3721
1978;447;3813;1;0;1;0;1708,1709
1979;525;3650;1;0;1;0;1346,1347
1980;525;3669;1;0;1;0;1388,1389
1981;538;3871;1;0;1;0;3605,3606
1982;606;3947;1;0;1;0;2900,2901
1983;447;3462;1;0;0;0;1358,1415,1416
1984;2713;1942;1;0;1;0;334,335
1985;2812;589;1;0;1;0;1618,1619
1986;3152;883;1;0;1;0;2767,2768
1987;3218;891;1;0;1;0;2912,2913
1988;2708;157;1;1;0;0;62,63,2822
1989;2555;93;1;1;1;0;3561,3562
1990;2179;64;1;1;1;0;949,950
1991;2165;50;1;1;0;0;948,949,3581
1992;3143;1070;1;0;1;0;359,360
1993;3420;1604;1;0;1;0;3456,3457
1994;2767;1576;1;0;1;0;2743,2744
1995;2652;1500;1;0;1;0;2468,2469
1996;2092;1187;1;0;1;0;3508,3509
1997;2090;1187;1;0;1;0;3509,3510
1998;1985;90;1;1;1;0;3442,3443
1999;522;108;1;1;1;0;2090,2091
2000;1568;3589;1;0;1;0;3719,3720
2001;419;3823;1;0;1;0;1709,1710
2002;519;3640;1;0;1;0;1347,1348
2003;518;3672;1;0;1;0;1387,1388
2004;513;3894;1;0;0;1;3606
2005;611;3967;1;0;1;0;2899,2900
2006;475;3478;1;0;1;0;1357,1358
2007;385;3569;1;0;1;0;1416,1417
2008;2739;1945;1;0;1;0;335,336
2009;2834;594;1;0;1;0;1617,1618
2010;3141;898;1;0;1;0;2768,2769
2011;3202;919;1;0;0;0;2911,2912,2919
2012;2741;154;1;1;0;0;61,62,1452
2013;2709;139;1;1;1;0;2822,2823
2014;2542;85;1;1;1;0;3562,3563
2015;2153;40;1;1;1;0;947,948
2016;3156;1008;1;0;1;0;350,359
2017;3453;1624;1;0;0;0;477,478,3457
2018;2747;1577;1;0;1;0;2742,2743
2019;2661;1525;1;0;1;0;2469,2470
2020;1987;90;1;1;0;1;3443
2021;526;88;1;1;1;0;2089,2090
2022;1577;3591;1;0;1;0;3718,3719
2023;397;3838;1;0;1;0;1710,1711
2024;518;3623;1;0;1;0;1348,1349
2025;511;3677;1;0;1;0;1386,1387
2026;618;4025;1;0;1;0;2898,2899
2027;485;3482;1;0;1;0;1356,1357
2028;373;3572;1;0;1;0;1417,1418
2029;2780;1943;1;0;1;0;336,337
2030;2848;595;1;0;1;0;1616,1617
2031;3138;917;1;0;1;0;2769,2770
2032;3191;924;1;0;1;0;2910,2911
2033;3196;907;1;0;1;0;2919,2920
2034;2743;153;1;1;0;0;60,61,3665
2035;2735;166;1;1;1;0;1452,1453
2036;2715;126;1;1;1;0;2823,2824
2037;2522;44;1;1;1;0;3563,3564
2038;2144;30;1;1;1;0;946,947
2039;3161;1031;1;0;1;0;350,351
2040;3455;1613;1;0;1;0;476,477
2041;3612;1720;1;0;1;0;478,479
2042;2737;1588;1;0;1;0;2741,2742
2043;2660;1551;1;0;1;0;2470,2471
2044;527;84;1;1;1;0;2088,2089
2045;1586;3598;1;0;1;0;3717,3718
2046;353;3890;1;1;1;0;1711,1712
2047;518;3610;1;0;1;0;1349,1350
2048;496;3677;1;0;1;0;1385,1386
2049;622;4067;1;0;1;0;2897,2898
2050;489;3485;1;0;1;0;1355,1356
2051;348;3618;1;1;0;0;1418,1419,3199
2052;2814;1938;1;0;1;0;337,338
2053;2874;590;1;0;1;0;1615,1616
2054;3141;928;1;0;0;0;2770,2771,2909
2055;3150;913;1;0;1;0;2909,2910
2056;3197;883;1;0;0;1;2920
2057;2750;146;1;1;1;0;59,60
2058;2756;154;1;1;1;0;3664,3665
2059;2736;180;1;1;1;0;1453,1454
2060;2718;119;1;1;1;0;2824,2825
2061;2503;27;1;1;0;1;3564
2062;2141;21;1;1;1;0;945,946
2063;3159;1051;1;0;1;0;351,352
2064;3483;1536;1;0;1;0;475,476
2065;3680;1763;1;0;1;0;479,480
2066;2729;1601;1;0;1;0;2740,2741
2067;2657;1562;1;0;1;0;2471,2472
2068;526;81;1;1;1;0;2087,2088
2069;1612;3612;1;0;1;0;848,3717
2070;330;3917;1;1;0;0;1685,1712,1802
2071;509;3591;1;0;1;0;1350,1351
2072;459;3700;1;0;1;0;1384,1385
2073;622;4090;1;0;1;0;2896,2897
2074;492;3489;1;0;1;0;1354,1355
2075;343;3628;1;1;1;0;1419,1420
2076;319;3609;1;1;1;0;3198,3199
2077;2825;1937;1;0;1;0;338,339
2078;2890;586;1;0;1;0;1614,1615
2079;3144;941;1;0;1;0;2771,2772
2080;2779;104;1;1;1;0;58,59
2081;2837;175;1;1;1;0;3663,3664
2082;2743;187;1;1;1;0;1454,1455
2083;2718;116;1;1;1;0;2825,2826
2084;2139;12;1;1;0;1;945
2085;3128;1127;1;0;1;0;352,353
2086;3485;1510;1;0;1;0;474,475
2087;3684;1762;1;0;0;1;480
2088;2728;1612;1;0;1;0;2739,2740
2089;2647;1591;1;0;1;0;2472,2473
2090;524;77;1;1;1;0;2086,2087
2091;1644;3634;1;0;1;0;847,848
2092;343;3853;1;1;1;0;1685,1686
2093;319;3952;1;1;1;0;1802,1803
2094;499;3556;1;0;1;0;1351,1352
2095;414;3759;1;0;1;0;1383,1384
2096;621;4094;1;0;0;0;705,2895,2896
2097;494;3505;1;0;1;0;1353,1354
2098;331;3650;1;1;1;0;1420,1421
2099;308;3604;1;1;1;0;3197,3198
2100;2843;1939;1;0;1;0;339,340
2101;2911;585;1;0;1;0;1613,1614
2102;3160;965;1;0;1;0;2772,2773
2103;2782;95;1;1;0;0;57,58,3655,3656
2104;2891;194;1;1;1;0;3662,3663
2105;2799;218;1;1;1;0;1455,1456
2106;2715;115;1;1;1;0;2826,2827
2107;3106;1205;1;0;1;0;353,354
2108;3480;1478;1;0;1;0;473,474
2109;2731;1626;1;0;1;0;2738,2739
2110;2641;1619;1;0;1;0;2473,2474
2111;527;59;1;1;0;1;2086
2112;1681;3663;1;0;1;0;846,847
2113;343;3845;1;1;1;0;1686,1687
2114;293;4020;1;1;1;0;1803,1804
2115;490;3531;1;0;1;0;1352,1353
2116;364;3793;1;0;1;0;1382,1383
2117;661;4121;1;0;1;0;704,705
2118;619;4098;1;0;1;0;2894,2895
2119;307;3675;1;1;1;0;1421,1422
2120;297;3591;1;1;1;0;3196,3197
2121;2868;1945;1;0;0;0;340,341,2489
2122;2938;594;1;0;1;0;1612,1613
2123;3176;980;1;0;1;0;2773,2774
2124;2783;92;1;1;0;1;57
2125;2790;98;1;1;1;0;3654,3655
2126;2770;91;1;1;1;0;3656,3657
2127;2936;204;1;1;1;0;3661,3662
2128;2841;242;1;1;1;0;1456,1457
2129;2714;112;1;1;1;0;2827,2828
2130;3101;1253;1;0;1;0;354,355
2131;3479;1441;1;0;1;0;472,473
2132;2730;1640;1;0;1;0;2737,2738
2133;2644;1638;1;0;1;0;2474,2475
2134;1688;3671;1;0;1;0;845,846
2135;337;3835;1;1;0;0;1381,1687,1688
2136;268;4085;1;1;1;0;1804,1805
2137;348;3815;1;1;1;0;1381,1382
2138;673;4124;1;0;1;0;703,704
2139;607;4108;1;0;1;0;2893,2894
2140;290;3678;1;1;1;0;1422,1423
2141;290;3574;1;1;1;0;3195,3196
2142;2880;1947;1;0;1;0;341,342
2143;2855;1931;1;0;1;0;2488,2489
2144;2959;609;1;0;1;0;1611,1612
2145;3177;985;1;0;1;0;2774,2775
2146;2814;109;1;1;1;0;3653,3654
2147;2755;88;1;1;1;0;3657,3658
2148;2944;205;1;1;0;0;3650,3651,3660,3661
2149;2891;271;1;1;1;0;1457,1458
2150;2713;107;1;1;1;0;2828,2829
2151;3090;1286;1;0;1;0;355,356
2152;3481;1403;1;0;1;0;471,472
2153;2725;1647;1;0;1;0;2736,2737
2154;2661;1657;1;0;1;0;2475,2476
2155;1695;3693;1;0;1;0;844,845
2156;328;3832;1;1;1;0;1688,1689
2157;251;4148;1;1;0;0;1752,1805,3684
2158;686;4125;1;0;1;0;702,703
2159;572;4138;1;0;0;0;2892,2893,3598
2160;271;3689;1;1;0;0;1423,1424,3115
2161;291;3543;1;1;1;0;3194,3195
2162;2887;1948;1;0;1;0;342,343
2163;2846;1924;1;0;1;0;2487,2488
2164;2997;654;1;0;1;0;1610,1611
2165;3168;999;1;0;1;0;1601,2775
2166;2842;128;1;1;1;0;3652,3653
2167;2736;87;1;1;1;0;3658,3659
2168;2989;251;1;1;1;0;3649,3650
2169;2916;181;1;1;1;0;3651,3652
2170;2955;208;1;1;0;1;3660
2171;2938;301;1;0;1;0;1458,1459
2172;2714;100;1;1;0;0;2829,2831,2832
2173;3065;1317;1;0;1;0;356,357
2174;3474;1374;1;0;1;0;470,471
2175;2720;1647;1;0;1;0;2735,2736
2176;2682;1695;1;0;1;0;2476,2477
2177;1700;3708;1;0;0;0;843,844,2923
2178;317;3840;1;1;1;0;1689,1690
2179;233;4186;1;1;1;0;1752,1753
2180;226;4392;1;1;1;0;3684,3685
2181;694;4128;1;0;1;0;701,702
2182;562;4147;1;0;1;0;2891,2892
2183;563;4137;1;0;1;0;3597,3598
2184;259;3697;1;1;1;0;1424,1425
2185;246;3722;1;1;1;0;3115,3116
2186;285;3506;1;1;1;0;3193,3194
2187;2899;1949;1;0;1;0;343,344
2188;2821;1918;1;0;1;0;2486,2487
2189;3059;709;1;0;1;0;1609,1610
2190;3142;970;1;0;1;0;1601,1602
2191;2719;84;1;1;0;0;2830,2831,3659
2192;3022;285;1;0;0;0;1665,1666,3648,3649
2193;2969;321;1;0;1;0;1459,1460
2194;2700;99;1;1;1;0;2832,2833
2195;3018;1359;1;0;1;0;357,358
2196;3454;1323;1;0;1;0;469,470
2197;2707;1643;1;0;1;0;2734,2735
2198;2703;1746;1;0;1;0;2477,2478
2199;1701;3725;1;0;1;0;842,843
2200;1693;3711;1;0;1;0;2923,2924
2201;305;3855;1;1;1;0;1690,1691
2202;217;4231;1;1;1;0;1753,1754
2203;214;4470;1;1;1;0;3685,3686
2204;707;4137;1;0;1;0;700,701
2205;527;4178;1;0;1;0;2890,2891
2206;549;4133;1;0;1;0;3596,3597
2207;213;3733;1;1;0;0;1425,1426,3131
2208;235;3742;1;1;1;0;3116,3117
2209;258;3416;1;1;1;0;3192,3193
2210;2921;1957;1;0;1;0;344,345
2211;2808;1913;1;0;1;0;2485,2486
2212;3080;736;1;0;1;0;1608,1609
2213;3126;946;1;0;1;0;1602,1603
2214;2720;82;1;1;0;1;2830
2215;3024;283;1;0;0;1;1665
2216;3014;294;1;0;1;0;1666,1667
2217;3053;319;1;0;1;0;3647,3648
2218;2976;324;1;0;1;0;1460,1461
2219;2694;92;1;1;1;0;2833,2834
2220;3011;1371;1;0;0;1;358
2221;3444;1276;1;0;1;0;468,469
2222;2701;1639;1;0;1;0;2733,2734
2223;2726;1801;1;0;1;0;2478,2479
2224;1711;3751;1;0;1;0;841,842
2225;1690;3721;1;0;1;0;2924,2925
2226;293;3875;1;1;1;0;1691,1692
2227;198;4275;1;1;1;0;1754,1755
2228;223;4525;1;1;1;0;3686,3687
2229;711;4178;1;0;1;0;699,700
2230;480;4235;1;0;1;0;2889,2890
2231;539;4130;1;0;0;1;3596
2232;159;3776;1;1;1;0;1426,1427
2233;222;3738;1;1;1;0;3131,3132
2234;231;3753;1;1;0;0;3117,3118,3133
2235;241;3336;1;1;1;0;3191,3192
2236;2943;1970;1;0;0;0;345,346,2705
2237;2795;1905;1;0;1;0;2484,2485
2238;3090;754;1;0;1;0;1607,1608
2239;3117;915;1;0;1;0;1603,1604
2240;3003;303;1;0;1;0;1667,1668
2241;3082;352;1;0;1;0;3646,3647
2242;2983;324;1;0;0;0;1461,1668,1669
2243;2678;80;1;1;1;0;2834,2835
2244;3434;1247;1;0;1;0;467,468
2245;2696;1641;1;0;1;0;2732,2733
2246;2740;1842;1;0;1;0;2479,2480
2247;1787;3803;1;0;1;0;840,841
2248;1687;3733;1;0;1;0;2925,2926
2249;266;3927;1;1;1;0;1692,1693
2250;167;4346;1;1;1;0;1755,1756
2251;269;4582;1;1;1;0;3687,3688
2252;709;4223;1;0;1;0;698,699
2253;455;4316;1;0;1;0;2888,2889
2254;154;3778;1;1;0;0;1427,1428,2863,2864
2255;227;3744;1;1;1;0;3132,3133
2256;230;3757;1;1;1;0;3118,3119
2257;236;3270;1;1;1;0;3190,3191
2258;3064;2043;1;0;1;0;346,347
2259;2951;1962;1;0;1;0;2705,2706
2260;2774;1897;1;0;1;0;2483,2484
2261;3100;775;1;0;1;0;1606,1607
2262;3103;858;1;0;1;0;1604,1605
2263;3099;375;1;0;1;0;3645,3646
2264;2968;340;1;0;1;0;1669,1670
2265;2646;58;1;1;1;0;2835,2836
2266;3431;1229;1;0;0;1;467
2267;2695;1649;1;0;1;0;2731,2732
2268;2752;1877;1;0;1;0;2480,2481
2269;1863;3875;1;0;1;0;839,840
2270;1688;3739;1;0;1;0;2926,2927
2271;250;3965;1;1;1;0;1693,1694
2272;131;4452;1;1;1;0;1756,1757
2273;315;4632;1;1;1;0;3688,3689
2274;716;4279;1;0;1;0;697,698
2275;456;4337;1;0;1;0;2887,2888
2276;23;3833;1;1;0;1;1428
2277;185;3712;1;1;1;0;2862,2863
2278;108;3837;1;1;1;0;2864,2865
2279;236;3787;1;1;1;0;3119,3120
2280;252;3185;1;1;1;0;3189,3190
2281;3212;2180;1;0;1;0;347,348
2282;2971;1955;1;0;1;0;2706,2707
2283;2762;1891;1;0;1;0;2482,2483
2284;3102;816;1;0;1;0;1605,1606
2285;3102;373;1;0;0;1;3645
2286;2963;343;1;0;1;0;1670,1671
2287;2630;43;1;1;1;0;2836,2837
2288;2698;1662;1;0;1;0;2730,2731
2289;2755;1885;1;0;1;0;2481,2482
2290;1951;3966;1;0;1;0;838,839
2291;1685;3744;1;0;1;0;2927,2928
2292;231;3995;1;1;1;0;1694,1695
2293;119;4506;1;1;1;0;1757,1758
2294;360;4690;1;1;1;0;3689,3690
2295;733;4329;1;0;1;0;696,697
2296;465;4367;1;0;1;0;2886,2887
2297;199;3638;1;1;1;0;2861,2862
2298;29;3925;1;1;0;1;2865
2299;233;3799;1;1;1;0;3120,3121
2300;265;3148;1;1;1;0;3188,3189
2301;3251;2220;1;0;1;0;348,349
2302;2983;1945;1;0;1;0;2707,2708
2303;2959;344;1;0;1;0;1671,1672
2304;2616;15;1;1;0;1;2837
2305;2708;1673;1;0;1;0;2729,2730
2306;2007;4020;1;0;0;0;837,838,3033
2307;1685;3752;1;0;1;0;2928,2929
2308;206;4056;1;1;1;0;1695,1696
2309;109;4551;1;1;1;0;1758,1759
2310;395;4735;1;0;1;0;3690,3691
2311;753;4355;1;0;1;0;695,696
2312;465;4394;1;0;1;0;2885,2886
2313;211;3510;1;1;1;0;2860,2861
2314;226;3811;1;1;1;0;3121,3122
2315;293;3113;1;1;1;0;3187,3188
2316;3259;2234;1;0;0;1;349
2317;2995;1938;1;0;1;0;2708,2709
2318;2956;343;1;0;0;1;1672
2319;2721;1707;1;0;1;0;2728,2729
2320;2022;4030;1;0;1;0;836,837
2321;2022;4005;1;0;1;0;3033,3034
2322;1689;3756;1;0;1;0;2929,2930
2323;189;4095;1;1;1;0;1696,1697
2324;112;4573;1;1;1;0;1759,1760
2325;407;4776;1;0;1;0;3691,3692
2326;784;4375;1;0;1;0;694,695
2327;462;4421;1;0;1;0;2884,2885
2328;203;3465;1;1;1;0;2859,2860
2329;216;3832;1;1;1;0;3122,3123
2330;328;3066;1;1;1;0;3186,3187
2331;3024;1928;1;0;1;0;2709,2710
2332;2725;1739;1;0;1;0;2727,2728
2333;2074;4052;1;0;1;0;835,836
2334;2029;3984;1;0;1;0;3034,3035
2335;1689;3763;1;0;0;0;884,885,2930
2336;176;4131;1;1;1;0;1697,1698
2337;112;4585;1;1;1;0;1760,1761
2338;422;4825;1;0;1;0;3692,3693
2339;850;4420;1;0;1;0;693,694
2340;452;4448;1;0;1;0;2883,2884
2341;180;3378;1;1;1;0;2858,2859
2342;190;3870;1;1;1;0;3123,3124
2343;339;3048;1;1;1;0;3185,3186
2344;3035;1917;1;0;1;0;2704,2710
2345;2750;1793;1;0;1;0;2726,2727
2346;2112;4060;1;0;1;0;834,835
2347;2033;3950;1;0;1;0;3035,3036
2348;1697;3778;1;0;1;0;883,884
2349;1684;3756;1;0;1;0;885,886
2350;144;4208;1;1;1;0;1698,1699
2351;116;4604;1;1;1;0;1761,1762
2352;447;4852;1;0;1;0;3693,3694
2353;882;4443;1;0;1;0;692,693
2354;457;4479;1;0;1;0;2882,2883
2355;167;3309;1;1;1;0;2857,2858
2356;177;3898;1;1;1;0;3124,3125
2357;341;3027;1;1;1;0;3184,3185
2358;3039;1912;1;0;1;0;2703,2704
2359;2780;1861;1;0;1;0;2725,2726
2360;2149;4085;1;0;1;0;833,834
2361;2043;3918;1;0;1;0;3036,3037
2362;1703;3790;1;0;1;0;882,883
2363;1677;3751;1;0;1;0;886,887
2364;126;4253;1;1;1;0;1699,1700
2365;116;4616;1;1;1;0;1762,1763
2366;508;4884;1;0;1;0;3694,3695
2367;952;4465;1;0;1;0;691,692
2368;455;4496;1;0;1;0;2881,2882
2369;95;3154;1;1;1;0;2856,2857
2370;139;3933;1;1;1;0;3125,3126
2371;328;3005;1;1;1;0;3183,3184
2372;3068;1890;1;0;0;0;2703,2713,2714
2373;2797;1879;1;0;1;0;2724,2725
2374;2184;4107;1;0;0;0;832,833,3064
2375;2044;3893;1;0;1;0;3037,3038
2376;1703;3797;1;0;1;0;881,882
2377;1663;3746;1;0;1;0;887,888
2378;109;4286;1;1;1;0;1700,1701
2379;112;4629;1;1;1;0;1763,1764
2380;554;4900;1;0;1;0;3695,3696
2381;958;4474;1;0;1;0;691,763
2382;448;4503;1;0;1;0;2880,2881
2383;67;3079;1;1;1;0;2855,2856
2384;125;3954;1;1;1;0;3126,3127
2385;302;2973;1;1;1;0;3182,3183
2386;3076;1896;1;0;1;0;2712,2713
2387;3051;1887;1;0;1;0;2714,2715
2388;2809;1884;1;0;1;0;2723,2724
2389;2193;4113;1;0;1;0;831,832
2390;2184;4096;1;0;1;0;3063,3064
2391;2051;3872;1;0;1;0;3038,3039
2392;1687;3810;1;0;1;0;880,881
2393;1634;3756;1;0;1;0;888,889
2394;83;4340;1;1;1;0;1701,1702
2395;102;4648;1;1;1;0;1764,1765
2396;580;4929;1;0;1;0;3696,3697
2397;973;4485;1;0;1;0;762,763
2398;428;4499;1;0;1;0;2879,2880
2399;62;3034;1;1;1;0;2854,2855
2400;83;4006;1;1;1;0;3127,3128
2401;291;2950;1;1;1;0;3181,3182
2402;3083;1905;1;0;1;0;2711,2712
2403;3041;1886;1;0;1;0;2715,2716
2404;2817;1885;1;0;1;0;2722,2723
2405;2210;4119;1;0;0;0;831,2960,2961
2406;2183;4079;1;0;1;0;3062,3063
2407;2040;3853;1;0;1;0;3039,3040
2408;1669;3821;1;0;1;0;879,880
2409;1603;3764;1;0;1;0;889,890
2410;61;4378;1;1;1;0;1702,1703
2411;98;4652;1;1;1;0;1765,1784
2412;610;4944;1;0;1;0;3697,3698
2413;1003;4503;1;0;0;0;761,762,865
2414;418;4503;1;0;1;0;2878,2879
2415;51;3010;1;1;1;0;2853,2854
2416;69;4025;1;1;1;0;3128,3129
2417;291;2932;1;1;1;0;3180,3181
2418;3088;1907;1;0;0;0;2546,2547,2711
2419;2988;1883;1;0;1;0;2716,2717
2420;2854;1879;1;0;1;0;2721,2722
2421;2172;4125;1;0;1;0;2959,2960
2422;2226;4119;1;0;1;0;2961,2962
2423;2188;4072;1;0;1;0;3061,3062
2424;2041;3834;1;0;1;0;3040,3041
2425;1641;3832;1;0;1;0;878,879
2426;1590;3764;1;0;1;0;890,891
2427;43;4415;1;1;1;0;1703,1704
2428;95;4652;1;1;1;0;1784,3595
2429;629;4944;1;0;1;0;3698,3699
2430;1009;4510;1;0;1;0;760,761
2431;1023;4514;1;0;1;0;865,866
2432;416;4520;1;0;1;0;2877,2878
2433;25;2982;1;1;0;0;601,602,2852,2853
2434;57;4039;1;1;1;0;3129,3130
2435;293;2908;1;1;1;0;3179,3180
2436;3080;1891;1;0;1;0;2545,2546
2437;3091;1912;1;0;1;0;2547,2548
2438;2942;1881;1;0;1;0;2717,2718
2439;2889;1875;1;0;1;0;2720,2721
2440;2130;4135;1;0;1;0;2958,2959
2441;2276;4133;1;0;1;0;2962,2963
2442;2187;4055;1;0;1;0;3060,3061
2443;2051;3823;1;0;1;0;3041,3042
2444;1631;3845;1;0;1;0;877,878
2445;1553;3741;1;0;1;0;891,892
2446;24;4451;1;1;1;0;1704,1705
2447;90;4652;1;1;0;1;3595
2448;665;4937;1;0;1;0;3699,3700
2449;1014;4516;1;0;1;0;759,760
2450;1037;4509;1;0;1;0;866,867
2451;425;4536;1;0;1;0;2876,2877
2452;11;3004;1;1;0;1;601
2453;34;2969;1;1;1;0;602,603
2454;4;2961;1;1;0;1;2852
2455;0;4117;1;1;0;1;3130
2456;314;2868;1;1;1;0;3178,3179
2457;3052;1837;1;0;1;0;2544,2545
2458;3098;1920;1;0;1;0;2548,2549
2459;2924;1880;1;0;1;0;2718,2719
2460;2897;1876;1;0;1;0;2719,2720
2461;2075;4142;1;0;1;0;2957,2958
2462;2301;4142;1;0;1;0;2963,2964
2463;2180;4035;1;0;1;0;3059,3060
2464;2065;3822;1;0;1;0;3042,3043
2465;1621;3859;1;0;1;0;876,877
2466;1534;3729;1;0;1;0;892,893
2467;8;4485;1;1;1;0;1705,1706
2468;697;4909;1;0;1;0;3700,3701
2469;1014;4524;1;0;1;0;758,759
2470;1044;4494;1;0;1;0;867,868
2471;443;4573;1;0;1;0;2875,2876
2472;38;2959;1;1;1;0;603,604
2473;387;2760;1;0;0;0;3167,3168,3178
2474;3031;1803;1;0;1;0;2543,2544
2475;3103;1924;1;0;1;0;2549,2550
2476;2045;4143;1;0;1;0;2956,2957
2477;2314;4148;1;0;0;0;2964,2965,3010
2478;2168;4012;1;0;1;0;3058,3059
2479;2070;3831;1;0;1;0;3043,3044
2480;1612;3871;1;0;1;0;875,876
2481;1507;3700;1;0;1;0;893,894
2482;0;4509;1;1;0;1;1706
2483;709;4906;1;0;0;0;2866,3701,3702
2484;1013;4533;1;0;1;0;757,758
2485;1048;4478;1;0;1;0;868,869
2486;449;4604;1;0;1;0;2874,2875
2487;43;2944;1;1;1;0;604,605
2488;401;2736;1;0;1;0;3166,3167
2489;377;2798;1;0;1;0;3168,3169
2490;3011;1766;1;0;0;1;2543
2491;3144;1941;1;0;1;0;2550,2551
2492;2016;4138;1;0;1;0;2955,2956
2493;2348;4163;1;0;1;0;2965,2966
2494;2435;4130;1;0;1;0;3009,3010
2495;2154;4000;1;0;1;0;3057,3058
2496;2078;3852;1;0;1;0;3044,3045
2497;1605;3883;1;0;1;0;874,875
2498;1500;3696;1;0;1;0;830,894
2499;691;4874;1;0;1;0;2866,2867
2500;713;4908;1;0;1;0;3702,3703
2501;1002;4562;1;0;1;0;756,757
2502;1049;4444;1;0;1;0;869,870
2503;442;4648;1;0;1;0;2873,2874
2504;45;2923;1;1;1;0;605,606
2505;415;2700;1;0;1;0;3165,3166
2506;382;2849;1;0;1;0;3169,3170
2507;3170;1946;1;0;1;0;2551,2552
2508;1976;4131;1;0;1;0;2954,2955
2509;2385;4182;1;0;1;0;2966,2967
2510;2464;4118;1;0;1;0;3008,3009
2511;2146;3991;1;0;1;0;3056,3057
2512;2099;3871;1;0;1;0;3045,3046
2513;1603;3889;1;0;0;0;873,874,2931
2514;1467;3668;1;0;1;0;829,830
2515;635;4820;1;0;1;0;2867,2868
2516;721;4910;1;0;0;1;3703
2517;986;4600;1;0;1;0;755,756
2518;1044;4430;1;0;1;0;870,871
2519;469;4717;1;0;1;0;2872,2873
2520;43;2902;1;1;1;0;606,607
2521;410;2624;1;0;1;0;3164,3165
2522;402;2911;1;0;1;0;3170,3171
2523;3177;1948;1;0;1;0;2552,2553
2524;1932;4125;1;0;1;0;2953,2954
2525;2398;4187;1;0;1;0;2967,2968
2526;2503;4065;1;0;1;0;3007,3008
2527;2135;3986;1;0;1;0;3055,3056
2528;2115;3899;1;0;1;0;3046,3047
2529;1598;3896;1;0;1;0;872,873
2530;1625;3883;1;0;1;0;2931,2932
2531;1450;3657;1;0;1;0;828,829
2532;604;4799;1;0;1;0;2868,2869
2533;970;4636;1;0;1;0;754,755
2534;1046;4414;1;0;0;1;871
2535;503;4758;1;0;1;0;2871,2872
2536;43;2883;1;1;1;0;607,608
2537;400;2550;1;0;1;0;3163,3164
2538;459;3001;1;0;1;0;3171,3172
2539;3185;1952;1;0;1;0;2553,2554
2540;1892;4129;1;0;0;0;147,2952,2953
2541;2431;4190;1;0;1;0;2968,2969
2542;2523;4025;1;0;1;0;3006,3007
2543;2129;3980;1;0;1;0;3054,3055
2544;2120;3917;1;0;1;0;3047,3048
2545;1589;3901;1;0;0;1;872
2546;1642;3875;1;0;1;0;2932,2933
2547;1438;3654;1;0;1;0;827,828
2548;563;4781;1;0;1;0;2869,2870
2549;971;4643;1;0;1;0;753,754
2550;521;4770;1;0;1;0;2870,2871
2551;49;2858;1;1;1;0;608,609
2552;411;2453;1;0;1;0;3162,3163
2553;465;3022;1;0;1;0;3172,3173
2554;3192;1952;1;0;1;0;2554,2555
2555;1910;4159;1;0;1;0;146,147
2556;1860;4127;1;0;1;0;2951,2952
2557;2483;4201;1;0;1;0;2969,2970
2558;2523;3998;1;0;1;0;3005,3006
2559;2121;3971;1;0;1;0;3053,3054
2560;2113;3927;1;0;1;0;3048,3049
2561;1671;3882;1;0;1;0;2933,2934
2562;1425;3647;1;0;0;1;827
2563;975;4650;1;0;1;0;752,753
2564;55;2843;1;1;1;0;609,610
2565;395;2318;1;0;0;0;636,637,3162
2566;441;3116;1;0;1;0;3173,3174
2567;3224;1955;1;0;1;0;2555,2556
2568;1933;4193;1;0;1;0;145,146
2569;1852;4123;1;0;1;0;2950,2951
2570;2511;4219;1;0;0;0;2970,2971,3030,3031
2571;2520;3943;1;0;1;0;3004,3005
2572;2110;3974;1;0;1;0;3052,3053
2573;2106;3944;1;0;1;0;3049,3050
2574;1689;3884;1;0;1;0;2934,2935
2575;978;4653;1;0;1;0;751,752
2576;67;2818;1;1;1;0;610,611
2577;374;2361;1;0;1;0;635,636
2578;406;2291;1;0;1;0;637,638
2579;438;3159;1;0;1;0;3174,3175
2580;3236;1958;1;0;1;0;2556,2557
2581;1950;4217;1;0;1;0;144,145
2582;1812;4115;1;0;1;0;2949,2950
2583;2517;4205;1;0;1;0;2971,2972
2584;2520;4220;1;0;1;0;3029,3030
2585;2506;4243;1;0;1;0;3031,3032
2586;2543;3892;1;0;1;0;3003,3004
2587;2105;3970;1;0;1;0;3051,3052
2588;2104;3957;1;0;1;0;3050,3051
2589;1708;3901;1;0;1;0;2935,2936
2590;982;4656;1;0;0;0;750,751,3682
2591;92;2759;1;1;1;0;611,612
2592;350;2400;1;1;1;0;634,635
2593;415;2268;1;0;1;0;638,639
2594;445;3184;1;0;1;0;3175,3176
2595;3244;1964;1;0;1;0;2557,2558
2596;1966;4227;1;0;1;0;143,144
2597;1763;4115;1;0;1;0;2948,2949
2598;2532;4183;1;0;1;0;2972,2973
2599;2535;4222;1;0;1;0;3028,3029
2600;2460;4420;1;0;0;0;2392,3032,3433
2601;2555;3861;1;0;1;0;3002,3003
2602;1716;3919;1;0;1;0;2936,2937
2603;1003;4643;1;0;1;0;749,750
2604;981;4662;1;0;1;0;3682,3683
2605;108;2727;1;1;1;0;612,613
2606;341;2415;1;1;1;0;600,634
2607;423;2247;1;0;1;0;639,640
2608;469;3212;1;0;1;0;3176,3177
2609;3248;1969;1;0;1;0;2558,2559
2610;2013;4242;1;0;1;0;142,143
2611;1744;4120;1;0;1;0;2947,2948
2612;2549;4168;1;0;1;0;2973,2974
2613;2554;4232;1;0;1;0;3027,3028
2614;2474;4427;1;0;1;0;2391,2392
2615;2441;4477;1;0;1;0;3433,3434
2616;2568;3851;1;0;1;0;3001,3002
2617;1719;3938;1;0;1;0;2937,2938
2618;1032;4634;1;0;1;0;748,749
2619;982;4670;1;0;1;0;857,3683
2620;127;2696;1;1;1;0;613,614
2621;333;2426;1;1;1;0;600,622
2622;434;2213;1;0;0;0;640,641,3278
2623;515;3252;1;0;0;1;3177
2624;3255;1979;1;0;1;0;2559,2560
2625;2041;4253;1;0;1;0;141,142
2626;1735;4113;1;0;1;0;2946,2947
2627;2599;4144;1;0;1;0;2974,2975
2628;2560;4240;1;0;1;0;3026,3027
2629;2490;4439;1;0;1;0;2390,2391
2630;2433;4496;1;0;1;0;3434,3435
2631;2592;3864;1;0;1;0;3000,3001
2632;1717;3965;1;0;1;0;2938,2939
2633;1050;4632;1;0;1;0;747,748
2634;981;4673;1;0;1;0;856,857
2635;146;2662;1;1;1;0;614,615
2636;312;2464;1;1;1;0;621,622
2637;433;2203;1;0;1;0;641,642
2638;441;2205;1;0;1;0;3278,3279
2639;3265;1995;1;0;1;0;2560,2561
2640;2076;4269;1;0;1;0;140,141
2641;1716;4102;1;0;1;0;2945,2946
2642;2658;4088;1;0;1;0;2975,2976
2643;2565;4246;1;0;1;0;3025,3026
2644;2507;4449;1;0;1;0;2389,2390
2645;2422;4514;1;0;0;0;307,3435,3436
2646;2627;3882;1;0;1;0;2999,3000
2647;1711;3991;1;0;1;0;2939,2940
2648;1062;4635;1;0;1;0;746,747
2649;974;4717;1;0;1;0;855,856
2650;167;2632;1;1;1;0;615,616
2651;290;2505;1;1;1;0;620,621
2652;421;2196;1;0;1;0;642,643
2653;447;2209;1;0;1;0;3279,3280
2654;3281;2015;1;0;1;0;2561,2562
2655;2095;4274;1;0;1;0;139,140
2656;1690;4060;1;0;1;0;2944,2945
2657;2674;4080;1;0;0;0;2976,2994,2995
2658;2573;4249;1;0;1;0;3024,3025
2659;2538;4458;1;0;1;0;2388,2389
2660;2430;4513;1;0;1;0;306,307
2661;2394;4534;1;0;0;0;191,192,3436
2662;2669;3926;1;0;1;0;2998,2999
2663;1711;4004;1;0;1;0;2940,2941
2664;1085;4652;1;0;1;0;745,746
2665;965;4735;1;0;1;0;854,855
2666;188;2606;1;1;1;0;616,617
2667;272;2529;1;1;1;0;619,620
2668;402;2189;1;0;1;0;643,644
2669;461;2234;1;0;1;0;3280,3281
2670;3305;2042;1;0;1;0;2562,2563
2671;2116;4274;1;0;1;0;138,139
2672;1684;4042;1;0;1;0;2943,2944
2673;2700;4139;1;0;1;0;2993,2994
2674;2683;4055;1;0;1;0;2995,2996
2675;2588;4251;1;0;1;0;3023,3024
2676;2601;4491;1;0;1;0;2387,2388
2677;2446;4514;1;0;1;0;305,306
2678;2366;4475;1;0;0;1;191
2679;2388;4540;1;0;1;0;192,193
2680;2676;3962;1;0;0;0;2997,2998,3065
2681;1704;4019;1;0;1;0;2941,2942
2682;1121;4665;1;0;0;1;745
2683;949;4768;1;0;0;0;234,235,854
2684;218;2574;1;1;1;0;617,618
2685;240;2553;1;1;1;0;618,619
2686;367;2180;1;0;1;0;644,645
2687;469;2246;1;0;1;0;3281,3282
2688;3333;2071;1;0;1;0;2563,2564
2689;2143;4274;1;0;1;0;137,138
2690;1691;4031;1;0;1;0;2942,2943
2691;2697;4197;1;0;1;0;2992,2993
2692;2678;3985;1;0;1;0;2996,2997
2693;2604;4256;1;0;1;0;3022,3023
2694;2662;4541;1;0;1;0;2386,2387
2695;2459;4517;1;0;1;0;304,305
2696;2373;4554;1;0;1;0;193,194
2697;2730;3937;1;0;0;0;3065,3066,3412
2698;944;4771;1;0;1;0;233,234
2699;959;4780;1;0;1;0;235,236
2700;327;2175;1;1;1;0;645,646
2701;476;2248;1;0;1;0;3282,3283
2702;3360;2101;1;0;1;0;2564,2565
2703;2161;4280;1;0;1;0;136,137
2704;2711;4234;1;0;1;0;2991,2992
2705;2631;4270;1;0;1;0;3021,3022
2706;2675;4551;1;0;1;0;2385,2386
2707;2534;4535;1;0;1;0;303,304
2708;2357;4571;1;0;1;0;194,195
2709;2736;3936;1;0;1;0;3066,3067
2710;2739;3962;1;0;1;0;3412,3413
2711;940;4773;1;0;1;0;232,233
2712;965;4795;1;0;1;0;236,237
2713;276;2175;1;1;1;0;646,647
2714;486;2246;1;0;1;0;3283,3284
2715;3432;2175;1;0;1;0;2565,2566
2716;2176;4287;1;0;1;0;135,136
2717;2735;4262;1;0;1;0;2990,2991
2718;2655;4279;1;0;1;0;3020,3021
2719;2686;4554;1;0;1;0;2384,2385
2720;2553;4548;1;0;0;1;303
2721;2344;4583;1;0;0;0;124,195,196
2722;2799;3906;1;0;1;0;3067,3068
2723;2755;4008;1;0;1;0;3413,3414
2724;934;4772;1;0;1;0;231,232
2725;974;4814;1;0;1;0;237,238
2726;217;2174;1;1;1;0;647,648
2727;489;2237;1;0;1;0;3284,3285
2728;3469;2216;1;0;1;0;2566,2567
2729;2200;4304;1;0;1;0;134,135
2730;2785;4283;1;0;1;0;2989,2990
2731;2678;4291;1;0;1;0;3019,3020
2732;2700;4554;1;0;1;0;2383,2384
2733;2344;4572;1;0;1;0;124,125
2734;2284;4600;1;0;1;0;196,197
2735;2854;3877;1;0;1;0;3068,3069
2736;2774;4052;1;0;1;0;3414,3415
2737;928;4768;1;0;1;0;230,231
2738;983;4823;1;0;1;0;238,239
2739;145;2154;1;1;1;0;648,649
2740;489;2217;1;0;1;0;3285,3286
2741;3518;2269;1;0;1;0;2567,2568
2742;2222;4316;1;0;1;0;133,134
2743;2804;4294;1;0;1;0;2988,2989
2744;2695;4300;1;0;1;0;3018,3019
2745;2712;4549;1;0;1;0;2382,2383
2746;2342;4527;1;0;1;0;125,126
2747;2244;4610;1;0;1;0;197,198
2748;2919;3798;1;0;1;0;3069,3070
2749;2809;4123;1;0;1;0;3415,3416
2750;917;4765;1;0;1;0;229,230
2751;1014;4850;1;0;1;0;239,240
2752;87;2140;1;1;1;0;649,650
2753;495;2205;1;0;1;0;3286,3287
2754;3534;2284;1;0;1;0;2568,2569
2755;2261;4328;1;0;1;0;132,133
2756;2812;4306;1;0;1;0;2987,2988
2757;2720;4319;1;0;1;0;3017,3018
2758;2724;4541;1;0;0;0;2381,2382,3430
2759;2336;4493;1;0;1;0;126,127
2760;2225;4627;1;0;1;0;198,199
2761;2989;3768;1;0;1;0;3070,3071
2762;2825;4148;1;0;1;0;3416,3417
2763;909;4764;1;0;1;0;228,229
2764;1028;4867;1;0;1;0;240,241
2765;46;2128;1;1;1;0;650,651
2766;508;2203;1;0;1;0;3287,3288
2767;3539;2286;1;0;1;0;2569,2570
2768;2312;4348;1;0;1;0;131,132
2769;2826;4328;1;0;0;0;2986,2987,3011
2770;2727;4321;1;0;1;0;3016,3017
2771;2769;4515;1;0;1;0;2380,2381
2772;2727;4532;1;0;1;0;3430,3431
2773;2335;4440;1;0;1;0;127,128
2774;2207;4645;1;0;1;0;199,200
2775;3018;3756;1;0;1;0;3071,3072
2776;2848;4161;1;0;1;0;3417,3418
2777;887;4774;1;0;1;0;227,228
2778;1036;4873;1;0;1;0;241,242
2779;7;2114;1;1;0;1;651
2780;523;2205;1;0;1;0;3288,3289
2781;3546;2281;1;0;1;0;2570,2571
2782;2333;4363;1;0;1;0;130,131
2783;2851;4334;1;0;1;0;2985,2986
2784;2812;4323;1;0;1;0;3011,3012
2785;2735;4321;1;0;1;0;3015,3016
2786;2785;4502;1;0;1;0;2379,2380
2787;2735;4500;1;0;1;0;3431,3432
2788;2334;4392;1;0;1;0;128,129
2789;2190;4660;1;0;1;0;200,201
2790;3043;3753;1;0;0;0;428,429,3072
2791;2877;4170;1;0;1;0;3418,3419
2792;877;4777;1;0;1;0;226,227
2793;1044;4875;1;0;1;0;242,243
2794;540;2214;1;0;1;0;3289,3290
2795;3561;2271;1;0;1;0;2571,2572
2796;2334;4374;1;0;1;0;129,130
2797;2895;4346;1;0;0;0;2984,2985,3401
2798;2801;4320;1;0;1;0;3012,3013
2799;2755;4317;1;0;1;0;3014,3015
2800;2812;4490;1;0;0;0;2378,2379,3411
2801;2740;4466;1;0;0;1;3432
2802;2182;4672;1;0;1;0;201,202
2803;2983;3854;1;0;1;0;427,428
2804;3113;3706;1;0;1;0;429,430
2805;2949;4184;1;0;1;0;3419,3420
2806;867;4777;1;0;1;0;225,226
2807;1057;4875;1;0;1;0;243,244
2808;552;2230;1;0;1;0;3290,3291
2809;3582;2255;1;0;1;0;2572,2573
2810;2920;4352;1;0;1;0;2983,2984
2811;2892;4352;1;0;1;0;3401,3402
2812;2784;4317;1;0;1;0;3013,3014
2813;2866;4476;1;0;1;0;2377,2378
2814;2796;4457;1;0;1;0;3410,3411
2815;2168;4697;1;0;1;0;202,203
2816;2938;3984;1;0;1;0;426,427
2817;3141;3650;1;0;1;0;430,431
2818;2985;4200;1;0;1;0;3420,3421
2819;851;4777;1;0;1;0;224,225
2820;1066;4875;1;0;1;0;244,245
2821;552;2258;1;0;1;0;3291,3292
2822;3635;2224;1;0;1;0;2573,2574
2823;2938;4357;1;0;1;0;2982,2983
2824;2881;4364;1;0;1;0;3402,3403
2825;2992;4446;1;0;1;0;2376,2377
2826;2791;4442;1;0;1;0;3409,3410
2827;2117;4744;1;0;1;0;203,204
2828;2925;3993;1;0;1;0;425,426
2829;3158;3626;1;0;1;0;431,432
2830;2999;4212;1;0;1;0;3421,3422
2831;845;4776;1;0;1;0;223,224
2832;1076;4869;1;0;1;0;245,246
2833;544;2293;1;0;1;0;3292,3293
2834;3656;2209;1;0;0;1;2574
2835;2947;4358;1;0;1;0;2981,2982
2836;2860;4380;1;0;1;0;3403,3404
2837;3063;4463;1;0;1;0;2375,2376
2838;2790;4430;1;0;1;0;3408,3409
2839;2107;4749;1;0;1;0;204,205
2840;2916;4012;1;0;1;0;424,425
2841;3173;3594;1;0;1;0;432,433
2842;3008;4233;1;0;1;0;3422,3423
2843;839;4774;1;0;1;0;222,223
2844;1079;4862;1;0;1;0;246,247
2845;528;2360;1;0;1;0;3293,3294
2846;2958;4355;1;0;1;0;2980,2981
2847;2825;4397;1;0;1;0;3404,3405
2848;3096;4468;1;0;0;0;2374,2375,2977,3312,3429
2849;2791;4423;1;0;1;0;3407,3408
2850;2091;4762;1;0;1;0;205,206
2851;2905;4037;1;0;1;0;423,424
2852;3181;3582;1;0;1;0;433,434
2853;3024;4284;1;0;1;0;3423,3424
2854;834;4771;1;0;1;0;221,222
2855;1081;4848;1;0;1;0;247,248
2856;515;2410;1;0;1;0;3294,3295
2857;2975;4360;1;0;1;0;2979,2980
2858;2802;4410;1;0;1;0;3405,3406
2859;3189;4491;1;0;1;0;2373,2374
2860;3077;4438;1;0;1;0;2977,2978
2861;3101;4479;1;0;1;0;3312,3313
2862;3094;4450;1;0;1;0;3428,3429
2863;2796;4416;1;0;1;0;3406,3407
2864;2081;4772;1;0;1;0;206,207
2865;2913;4071;1;0;1;0;422,423
2866;3196;3551;1;0;1;0;434,435
2867;3041;4331;1;0;1;0;3424,3425
2868;829;4768;1;0;1;0;220,221
2869;1084;4836;1;0;1;0;248,249
2870;508;2489;1;0;1;0;3295,3296
2871;3043;4407;1;0;1;0;2978,2979
2872;3270;4508;1;0;0;0;2372,2373,3073
2873;3105;4498;1;0;1;0;3313,3314
2874;3090;4432;1;0;1;0;3427,3428
2875;2072;4784;1;0;1;0;207,208
2876;2938;4075;1;0;1;0;421,422
2877;3258;3510;1;0;1;0;435,436
2878;3059;4370;1;0;1;0;3425,3426
2879;824;4761;1;0;1;0;219,220
2880;1084;4826;1;0;1;0;249,250
2881;492;2593;1;0;1;0;3296,3297
2882;3283;4510;1;0;1;0;2371,2372
2883;3267;4521;1;0;1;0;3073,3074
2884;3105;4525;1;0;1;0;3314,3315
2885;3083;4413;1;0;1;0;3426,3427
2886;2056;4809;1;0;0;0;208,209,333
2887;2974;4067;1;0;1;0;420,421
2888;3292;3499;1;0;1;0;436,437
2889;818;4753;1;0;1;0;218,219
2890;1084;4814;1;0;1;0;250,251
2891;493;2642;1;0;1;0;3297,3298
2892;3305;4502;1;0;1;0;2370,2371
2893;3240;4561;1;0;1;0;3074,3075
2894;3107;4540;1;0;1;0;3315,3316
2895;2050;4824;1;0;0;0;189,209,210
2896;2060;4785;1;0;1;0;332,333
2897;3016;4047;1;0;1;0;419,420
2898;3342;3473;1;0;1;0;437,438
2899;810;4742;1;0;0;1;218
2900;1087;4780;1;0;0;1;251
2901;499;2679;1;0;1;0;3298,3299
2902;3322;4494;1;0;1;0;2369,2370
2903;3229;4576;1;0;1;0;3075,3076
2904;3107;4554;1;0;1;0;3316,3317
2905;2055;4822;1;0;1;0;188,189
2906;2031;4848;1;0;1;0;210,211
2907;2052;4736;1;0;1;0;331,332
2908;3039;4048;1;0;1;0;418,419
2909;3374;3455;1;0;1;0;438,439
2910;508;2723;1;0;1;0;3299,3300
2911;3341;4488;1;0;1;0;2368,2369
2912;3218;4585;1;0;1;0;3076,3077
2913;3101;4579;1;0;1;0;3317,3318
2914;2061;4816;1;0;1;0;187,188
2915;2011;4864;1;0;1;0;211,212
2916;2050;4724;1;0;0;1;331
2917;3056;4048;1;0;1;0;417,418
2918;3398;3419;1;0;1;0;439,440
2919;498;2773;1;0;1;0;3300,3301
2920;3359;4487;1;0;1;0;2367,2368
2921;3184;4601;1;0;1;0;3077,3078
2922;3090;4627;1;0;1;0;3318,3319
2923;2066;4809;1;0;1;0;186,187
2924;1979;4881;1;0;1;0;212,213
2925;3065;4054;1;0;1;0;416,417
2926;3413;3384;1;0;1;0;440,441
2927;489;2804;1;0;1;0;3301,3302
2928;3382;4493;1;0;1;0;2366,2367
2929;3177;4609;1;0;1;0;3078,3079
2930;3083;4656;1;0;1;0;3319,3320
2931;2073;4797;1;0;1;0;185,186
2932;1954;4886;1;0;1;0;213,214
2933;3084;4069;1;0;1;0;415,416
2934;3420;3378;1;0;1;0;441,442
2935;499;2836;1;0;1;0;3302,3303
2936;3407;4492;1;0;1;0;2365,2366
2937;3174;4618;1;0;1;0;3079,3080
2938;3074;4688;1;0;1;0;3320,3321
2939;2081;4785;1;0;1;0;184,185
2940;1923;4889;1;0;1;0;214,215
2941;3103;4091;1;0;1;0;414,415
2942;3435;3378;1;0;1;0;442,443
2943;502;2863;1;0;1;0;3303,3304
2944;3428;4501;1;0;0;0;2324,2365,2395
2945;3175;4624;1;0;1;0;3080,3081
2946;3062;4711;1;0;1;0;3321,3322
2947;2084;4783;1;0;1;0;183,184
2948;1890;4895;1;0;1;0;215,216
2949;3117;4118;1;0;1;0;413,414
2950;3445;3376;1;0;0;0;443,505,506
2951;503;2880;1;0;0;0;3304,3305,3307
2952;3432;4500;1;0;1;0;2324,2325
2953;3448;4566;1;0;1;0;2394,2395
2954;3177;4632;1;0;1;0;3081,3082
2955;3051;4749;1;0;1;0;3322,3323
2956;2091;4783;1;0;1;0;182,183
2957;1826;4904;1;0;1;0;216,217
2958;3123;4127;1;0;1;0;412,413
2959;3461;3396;1;0;1;0;504,505
2960;3438;3350;1;0;1;0;506,507
2961;509;2886;1;0;1;0;3305,3306
2962;498;2891;1;0;1;0;3307,3308
2963;3434;4498;1;0;1;0;2325,2326
2964;3467;4585;1;0;1;0;2393,2394
2965;3181;4644;1;0;1;0;3082,3083
2966;3052;4776;1;0;1;0;3323,3324
2967;2099;4786;1;0;1;0;181,182
2968;1777;4907;1;0;0;0;160,217,252
2969;3127;4150;1;0;1;0;411,412
2970;3466;3410;1;0;0;0;503,504,2353
2971;3428;3313;1;0;1;0;507,508
2972;521;2891;1;0;0;1;3306
2973;494;2913;1;0;1;0;3308,3309
2974;3436;4479;1;0;1;0;2326,2327
2975;3498;4609;1;0;0;0;681,2393,2396
2976;3182;4658;1;0;1;0;3083,3084
2977;3057;4812;1;0;1;0;3324,3325
2978;2159;4822;1;0;0;1;181
2979;1785;4902;1;0;1;0;160,161
2980;1757;4900;1;0;1;0;252,253
2981;3132;4166;1;0;1;0;410,411
2982;3458;3433;1;0;1;0;502,503
2983;3471;3425;1;0;1;0;2353,2354
2984;3422;3299;1;0;1;0;508,509
2985;499;2935;1;0;1;0;3309,3310
2986;3439;4456;1;0;1;0;2327,2328
2987;3496;4616;1;0;1;0;680,681
2988;3538;4476;1;0;1;0;2396,2397
2989;3181;4672;1;0;1;0;3084,3085
2990;3062;4862;1;0;1;0;3325,3326
2991;1827;4889;1;0;1;0;161,162
2992;1738;4894;1;0;1;0;253,254
2993;3148;4175;1;0;1;0;409,410
2994;3442;3474;1;0;0;1;502
2995;3456;3515;1;0;1;0;2354,2355
2996;3409;3285;1;0;1;0;509,510
2997;503;2945;1;0;0;1;3310
2998;3448;4406;1;0;1;0;2328,2329
2999;3478;4655;1;0;1;0;679,680
3000;3554;4373;1;0;1;0;2397,2398
3001;3175;4689;1;0;1;0;3085,3086
3002;3062;4917;1;0;1;0;3326,3327
3003;1830;4884;1;0;1;0;162,163
3004;1708;4884;1;0;1;0;254,255
3005;3158;4177;1;0;1;0;408,409
3006;3406;3612;1;0;1;0;2355,2356
3007;3391;3267;1;0;1;0;510,511
3008;3454;4386;1;0;1;0;2329,2330
3009;3460;4674;1;0;1;0;678,679
3010;3553;4328;1;0;1;0;2398,2399
3011;3159;4725;1;0;1;0;3086,3087
3012;3059;4935;1;0;1;0;3327,3328
3013;1836;4876;1;0;1;0;163,164
3014;1679;4880;1;0;1;0;255,256
3015;3166;4179;1;0;1;0;407,408
3016;3397;3635;1;0;1;0;2356,2357
3017;3347;3211;1;0;1;0;511,512
3018;3465;4371;1;0;1;0;2330,2331
3019;3432;4688;1;0;1;0;677,678
3020;3555;4273;1;0;1;0;2399,2400
3021;3148;4769;1;0;1;0;3087,3088
3022;3062;4952;1;0;1;0;3328,3329
3023;1876;4859;1;0;1;0;164,165
3024;1609;4878;1;0;1;0;256,257
3025;3170;4184;1;0;1;0;406,407
3026;3401;3649;1;0;1;0;2357,2358
3027;3288;3137;1;0;1;0;512,513
3028;3484;4362;1;0;1;0;2331,2332
3029;3418;4696;1;0;1;0;676,677
3030;3555;4254;1;0;1;0;2400,2401
3031;3149;4828;1;0;1;0;3088,3089
3032;3082;5007;1;0;1;0;3329,3330
3033;1878;4856;1;0;1;0;165,166
3034;1587;4879;1;0;1;0;257,258
3035;3181;4209;1;0;1;0;405,406
3036;3423;3684;1;0;1;0;2358,2359
3037;3240;3079;1;0;1;0;513,514
3038;3500;4349;1;0;1;0;2332,2333
3039;3412;4717;1;0;1;0;675,676
3040;3547;4237;1;0;0;0;2336,2401,2402
3041;3153;4881;1;0;1;0;3089,3090
3042;3107;5082;1;0;0;0;3093,3094,3330
3043;1877;4851;1;0;1;0;166,167
3044;1563;4881;1;0;1;0;258,259
3045;3185;4214;1;0;0;0;404,405,3400
3046;3432;3702;1;0;1;0;2359,2360
3047;3206;3046;1;0;0;0;514,515,2589
3048;3505;4332;1;0;1;0;2333,2334
3049;3409;4748;1;0;1;0;674,675
3050;3543;4256;1;0;0;0;2335,2336,3333
3051;3548;4231;1;0;1;0;1114,2402
3052;3156;4924;1;0;1;0;3090,3091
3053;3109;5046;1;0;1;0;3092,3093
3054;3103;5141;1;0;1;0;3094,3095
3055;1875;4845;1;0;1;0;167,168
3056;1504;4893;1;0;1;0;259,260
3057;3192;4217;1;0;1;0;403,404
3058;3188;4231;1;0;1;0;3399,3400
3059;3428;3714;1;0;1;0;2360,2361
3060;3193;3037;1;0;1;0;515,516
3061;3209;3035;1;0;1;0;2589,2590
3062;3522;4306;1;0;1;0;2334,2335
3063;3408;4821;1;0;1;0;673,674
3064;3527;4256;1;0;1;0;3332,3333
3065;3552;4209;1;0;1;0;1114,1115
3066;3136;4972;1;0;1;0;3091,3092
3067;3112;5218;1;0;1;0;3095,3096
3068;1870;4834;1;0;1;0;168,169
3069;1470;4898;1;0;1;0;260,261
3070;3202;4220;1;0;1;0;402,403
3071;3194;4248;1;0;1;0;3398,3399
3072;3410;3713;1;0;1;0;2361,2362
3073;3171;3008;1;0;1;0;516,517
3074;3211;3026;1;0;1;0;2590,2591
3075;3417;4883;1;0;1;0;672,673
3076;3498;4263;1;0;1;0;3331,3332
3077;3581;4127;1;0;1;0;1115,1116
3078;3109;5286;1;0;0;0;1943,1944,3096
3079;1866;4825;1;0;1;0;169,170
3080;1440;4905;1;0;1;0;261,262
3081;3214;4220;1;0;1;0;401,402
3082;3198;4253;1;0;1;0;3397,3398
3083;3391;3714;1;0;1;0;2362,2363
3084;3146;2991;1;0;1;0;517,518
3085;3213;3015;1;0;1;0;2591,2592
3086;3430;4956;1;0;1;0;671,672
3087;3482;4265;1;0;1;0;2352,3331
3088;3575;4072;1;0;1;0;1116,1117
3089;3118;5290;1;1;1;0;1942,1943
3090;3085;5282;1;0;1;0;1944,1945
3091;1866;4821;1;0;1;0;170,171
3092;1417;4914;1;0;1;0;262,263
3093;3227;4214;1;0;1;0;400,401
3094;3204;4255;1;0;1;0;3396,3397
3095;3373;3732;1;0;1;0;2363,2364
3096;3122;2972;1;0;1;0;518,519
3097;3217;3004;1;0;1;0;2592,2593
3098;3419;5027;1;0;1;0;670,671
3099;3468;4268;1;0;0;0;2351,2352,3386
3100;3544;4027;1;0;1;0;1117,1118
3101;3149;5303;1;1;1;0;1941,1942
3102;3068;5280;1;0;1;0;1945,1946
3103;1867;4818;1;0;1;0;171,172
3104;1374;4933;1;0;1;0;263,264
3105;3245;4199;1;0;1;0;399,400
3106;3222;4260;1;0;1;0;3395,3396
3107;3314;3860;1;0;1;0;903,2364
3108;3117;2964;1;0;1;0;519,520
3109;3221;2996;1;0;1;0;2593,2594
3110;3398;5067;1;0;1;0;669,670
3111;3441;4261;1;0;1;0;2350,2351
3112;3453;4272;1;0;1;0;3386,3387
3113;3543;4020;1;0;0;0;1118,1119,3334
3114;3165;5309;1;1;1;0;1940,1941
3115;3050;5281;1;0;1;0;1946,1947
3116;1869;4814;1;0;1;0;172,173
3117;1350;4939;1;0;1;0;264,265
3118;3269;4170;1;0;1;0;398,399
3119;3248;4254;1;0;1;0;3394,3395
3120;3274;3946;1;0;1;0;903,904
3121;3105;2946;1;0;1;0;520,521
3122;3223;2977;1;0;1;0;2594,2595
3123;3339;5150;1;0;1;0;668,669
3124;3432;4258;1;0;1;0;2349,2350
3125;3437;4274;1;0;1;0;3387,3388
3126;3545;4014;1;0;1;0;1119,1120
3127;3538;4020;1;0;1;0;3334,3335
3128;3185;5317;1;1;1;0;1939,1940
3129;3035;5285;1;0;1;0;1947,1948
3130;1896;4789;1;0;1;0;173,174
3131;1302;4950;1;0;1;0;265,266
3132;3276;4157;1;0;1;0;397,398
3133;3280;4249;1;0;1;0;3393,3394
3134;3264;3985;1;0;1;0;904,905
3135;3092;2930;1;0;0;1;521
3136;3225;2950;1;0;1;0;2595,2596
3137;3327;5171;1;0;1;0;667,668
3138;3429;4255;1;0;1;0;2348,2349
3139;3402;4276;1;0;1;0;3388,3389
3140;3669;3911;1;0;1;0;1120,1121
3141;3534;4018;1;0;1;0;3335,3336
3142;3196;5320;1;1;1;0;1938,1939
3143;2961;5300;1;1;1;0;1948,1949
3144;1904;4781;1;0;1;0;174,175
3145;1288;4951;1;0;1;0;266,267
3146;3279;4146;1;0;1;0;396,397
3147;3336;4239;1;0;1;0;3392,3393
3148;3274;4016;1;0;1;0;905,906
3149;3227;2938;1;0;1;0;2596,2597
3150;3317;5196;1;0;1;0;666,667
3151;3427;4252;1;0;1;0;2347,2348
3152;3385;4263;1;0;1;0;3389,3390
3153;3702;3848;1;0;1;0;1121,1122
3154;3530;4012;1;0;1;0;3336,3337
3155;3208;5321;1;1;1;0;1937,1938
3156;2915;5306;1;1;1;0;1949,1950
3157;1907;4764;1;0;1;0;175,176
3158;1273;4950;1;0;1;0;267,268
3159;3272;4118;1;0;1;0;395,396
3160;3353;4239;1;0;1;0;3391,3392
3161;3281;4057;1;0;1;0;906,907
3162;3240;2928;1;0;0;0;2597,2607,2608
3163;3282;5245;1;0;1;0;665,666
3164;3427;4248;1;0;1;0;2346,2347
3165;3363;4246;1;0;1;0;3390,3391
3166;3718;3820;1;0;1;0;1122,1123
3167;3527;4009;1;0;1;0;3337,3338
3168;3218;5322;1;1;1;0;1936,1937
3169;2874;5317;1;1;1;0;1950,1951
3170;1909;4729;1;0;1;0;176,177
3171;1250;4953;1;0;1;0;268,269
3172;3268;4105;1;0;0;0;395,910,911
3173;3284;4074;1;0;0;0;907,908,3364
3174;3229;2911;1;0;1;0;2606,2607
3175;3243;2933;1;0;1;0;2608,2609
3176;3269;5263;1;0;1;0;664,665
3177;3428;4245;1;0;1;0;2345,2346
3178;3730;3806;1;0;0;0;1123,1124,3385
3179;3525;4007;1;0;1;0;3338,3339
3180;3222;5323;1;1;1;0;1935,1936
3181;2854;5322;1;1;1;0;1951,1952
3182;1915;4697;1;0;1;0;177,178
3183;1228;4956;1;0;1;0;269,270
3184;3281;4098;1;0;0;0;909,910,2337
3185;3247;4080;1;0;1;0;911,912
3186;3284;4084;1;0;1;0;908,909
3187;3297;4054;1;0;1;0;3364,3365
3188;3219;2896;1;0;1;0;2605,2606
3189;3256;2951;1;0;1;0;2609,2610
3190;3264;5270;1;0;1;0;663,664
3191;3434;4238;1;0;1;0;2344,2345
3192;3748;3784;1;0;1;0;1124,1125
3193;3714;3813;1;0;1;0;3384,3385
3194;3522;4008;1;0;1;0;3339,3340
3195;3226;5325;1;1;1;0;1934,1935
3196;2814;5324;1;1;1;0;1952,1953
3197;1932;4654;1;0;1;0;178,179
3198;1203;4963;1;0;1;0;270,271
3199;3310;4135;1;0;1;0;2337,2338
3200;3231;4050;1;0;1;0;912,913
3201;3306;4043;1;0;1;0;3365,3366
3202;3213;2889;1;0;0;0;2598,2604,2605
3203;3273;2974;1;0;1;0;2610,2611
3204;3255;5298;1;1;1;0;662,663
3205;3435;4231;1;0;1;0;2343,2344
3206;3800;3729;1;0;1;0;1125,1126
3207;3680;3822;1;0;1;0;3383,3384
3208;3517;4010;1;0;1;0;3340,3341
3209;3231;5328;1;1;1;0;1933,1934
3210;2741;5334;1;1;1;0;1953,1954
3211;1937;4638;1;0;1;0;179,180
3212;1190;4967;1;0;0;0;190,271,272
3213;3399;4176;1;0;1;0;2338,2339
3214;3194;3995;1;0;1;0;913,914
3215;3311;4031;1;0;1;0;3366,3367
3216;3212;2877;1;0;1;0;2598,2599
3217;3188;2878;1;0;1;0;2603,2604
3218;3312;3024;1;0;1;0;2611,2612
3219;3254;5354;1;1;0;0;661,662,1932
3220;3430;4219;1;0;1;0;2342,2343
3221;3828;3709;1;0;1;0;1126,1127
3222;3660;3833;1;0;1;0;3382,3383
3223;3512;4012;1;0;1;0;3341,3342
3224;3245;5344;1;1;1;0;1932,1933
3225;2702;5338;1;1;1;0;1954,1955
3226;1927;4599;1;0;0;1;180
3227;1216;5021;1;0;0;1;190
3228;1138;4983;1;0;1;0;272,273
3229;3410;4183;1;0;1;0;2339,2340
3230;3160;3922;1;0;1;0;914,915
3231;3319;4019;1;0;1;0;3367,3368
3232;3191;2855;1;0;0;1;2599
3233;3176;2870;1;0;0;1;2603
3234;3318;3031;1;0;0;0;2600,2612,2613
3235;3254;5358;1;1;1;0;660,661
3236;3424;4204;1;0;1;0;2341,2342
3237;3902;3627;1;0;1;0;1127,1128
3238;3611;3880;1;0;1;0;3381,3382
3239;3507;4011;1;0;1;0;3342,3343
3240;2688;5341;1;1;1;0;1955,1956
3241;1055;5018;1;0;1;0;273,274
3242;3418;4194;1;0;1;0;2340,2341
3243;3147;3892;1;0;1;0;915,916
3244;3332;4010;1;0;1;0;3368,3369
3245;3339;3014;1;0;1;0;2600,2601
3246;3333;3049;1;0;1;0;2613,2614
3247;3251;5366;1;1;1;0;659,660
3248;3927;3577;1;0;1;0;1128,1129
3249;3561;3904;1;0;1;0;3380,3381
3250;3502;4008;1;0;1;0;3343,3344
3251;2670;5345;1;1;1;0;1956,1957
3252;1029;5027;1;0;1;0;274,275
3253;3132;3885;1;0;1;0;916,917
3254;3343;4002;1;0;1;0;3369,3370
3255;3343;3007;1;0;1;0;2601,2602
3256;3358;3077;1;0;1;0;2614,2615
3257;3242;5390;1;1;1;0;658,659
3258;3944;3541;1;0;1;0;1129,1130
3259;3520;3919;1;0;1;0;3379,3380
3260;3498;4004;1;0;1;0;3344,3345
3261;2654;5352;1;1;1;0;1957,1958
3262;972;5037;1;0;1;0;275,276
3263;3117;3882;1;0;1;0;917,918
3264;3356;3988;1;0;1;0;3370,3371
3265;3344;3001;1;0;0;1;2602
3266;3389;3109;1;0;1;0;2615,2616
3267;3184;5496;1;1;1;0;657,658
3268;3993;3458;1;0;0;0;1130,1131,3463
3269;3475;3927;1;0;1;0;3378,3379
3270;3496;4001;1;0;1;0;3345,3346
3271;2642;5369;1;1;1;0;1958,1959
3272;928;5056;1;0;1;0;276,277
3273;3092;3884;1;0;1;0;918,919
3274;3369;3979;1;0;1;0;3371,3372
3275;3416;3139;1;0;0;1;2616
3276;3174;5518;1;1;1;0;656,657
3277;4013;3407;1;0;1;0;1131,1132
3278;3929;3418;1;0;0;0;3462,3463,3464
3279;3444;3929;1;0;1;0;3377,3378
3280;3496;3995;1;0;1;0;3346,3347
3281;2638;5382;1;1;1;0;1959,1960
3282;906;5064;1;0;1;0;277,278
3283;3071;3891;1;0;1;0;919,920
3284;3379;3969;1;0;1;0;3372,3373
3285;3172;5530;1;1;1;0;655,656
3286;4051;3372;1;0;0;0;1132,1133,1143
3287;3914;3409;1;0;1;0;3461,3462
3288;3906;3418;1;0;0;1;3464
3289;3433;3929;1;0;0;0;3363,3376,3377
3290;3496;3989;1;0;1;0;3347,3348
3291;2627;5416;1;1;1;0;1960,1961
3292;851;5077;1;0;1;0;278,279
3293;3044;3904;1;0;1;0;920,921
3294;3386;3959;1;0;1;0;3373,3374
3295;3173;5536;1;1;1;0;654,655
3296;4084;3350;1;0;1;0;1133,1134
3297;4048;3362;1;0;1;0;1143,1144
3298;3834;3348;1;0;1;0;3460,3461
3299;3439;3932;1;0;1;0;3362,3363
3300;3416;3939;1;0;1;0;3375,3376
3301;3495;3985;1;0;1;0;3348,3349
3302;2610;5436;1;1;1;0;1961,1962
3303;828;5081;1;0;1;0;279,280
3304;3012;3946;1;0;0;1;921
3305;3399;3948;1;0;1;0;3374,3375
3306;3174;5539;1;1;0;0;653,654,3103
3307;4171;3346;1;0;1;0;1134,1135
3308;4050;3348;1;0;1;0;1144,1145
3309;3782;3292;1;0;1;0;3459,3460
3310;3442;3936;1;0;1;0;3361,3362
3311;3493;3981;1;0;1;0;3349,3350
3312;2602;5449;1;1;1;0;1962,1963
3313;806;5089;1;0;1;0;280,281
3314;3180;5553;1;1;0;0;652,653,1965
3315;3169;5543;1;1;1;0;3102,3103
3316;4324;3361;1;0;1;0;1135,1136
3317;4063;3311;1;0;1;0;1145,1146
3318;3740;3208;1;0;1;0;3458,3459
3319;3448;3941;1;0;1;0;3360,3361
3320;3490;3978;1;0;1;0;3350,3351
3321;2599;5460;1;1;1;0;1963,1964
3322;773;5103;1;0;1;0;281,282
3323;3191;5564;1;1;0;1;652
3324;3172;5550;1;1;1;0;1965,1966
3325;3163;5544;1;1;1;0;3101,3102
3326;4449;3400;1;0;1;0;1136,1137
3327;4077;3267;1;0;1;0;1146,1147
3328;3732;3204;1;0;1;0;2641,3458
3329;3452;3946;1;0;1;0;3359,3360
3330;3486;3974;1;0;1;0;3351,3352
3331;2598;5474;1;1;0;0;7,8,1964
3332;725;5132;1;0;1;0;282,283
3333;3158;5544;1;1;0;0;1966,1967,3101
3334;4504;3440;1;0;1;0;1137,1138
3335;4094;3225;1;0;1;0;1147,1148
3336;3684;3232;1;0;1;0;2640,2641
3337;3456;3955;1;0;1;0;3358,3359
3338;3483;3972;1;0;1;0;3352,3353
3339;2600;5480;1;1;1;0;6,7
3340;2574;5449;1;1;0;0;8,9,323
3341;689;5155;1;0;1;0;283,284
3342;3114;5520;1;1;1;0;1967,1968
3343;4584;3406;1;0;1;0;1138,1139
3344;4137;3129;1;0;1;0;1148,1149
3345;3655;3229;1;0;1;0;2639,2640
3346;3460;3961;1;0;1;0;3357,3358
3347;3478;3971;1;0;1;0;3353,3354
3348;2614;5490;1;1;0;0;5,6,159
3349;2572;5447;1;1;1;0;9,10
3350;2585;5433;1;1;1;0;323,324
3351;681;5164;1;0;1;0;284,285
3352;3107;5512;1;1;0;1;1968
3353;4634;3371;1;0;1;0;1139,1140
3354;4140;3120;1;0;0;0;1149,1150,1222
3355;3621;3200;1;0;1;0;2638,2639
3356;3465;3963;1;0;1;0;3356,3357
3357;3474;3970;1;0;1;0;3354,3355
3358;2617;5491;1;1;1;0;4,5
3359;2600;5508;1;1;1;0;158,159
3360;2553;5439;1;1;1;0;10,11
3361;2592;5423;1;1;1;0;324,325
3362;668;5179;1;0;1;0;285,286
3363;4712;3362;1;0;0;0;1140,1141,2904
3364;4143;3109;1;0;1;0;1150,1151
3365;4203;3164;1;0;1;0;1222,1223
3366;3578;3146;1;0;1;0;2637,2638
3367;3469;3965;1;0;1;0;3355,3356
3368;2667;5522;1;1;1;0;3,4
3369;2590;5516;1;1;1;0;157,158
3370;2533;5436;1;1;1;0;11,12
3371;2600;5412;1;1;1;0;325,326
3372;650;5199;1;0;1;0;286,287
3373;4720;3370;1;0;1;0;1141,1142
3374;4787;3355;1;0;0;1;2904
3375;4155;3079;1;0;0;0;1151,1152,1305
3376;4256;3136;1;0;1;0;1223,1224
3377;3531;3097;1;0;1;0;2636,2637
3378;2696;5540;1;1;1;0;2,3
3379;2509;5518;1;1;1;0;156,157
3380;2514;5435;1;1;1;0;12,13
3381;2608;5388;1;1;1;0;326,327
3382;635;5213;1;0;1;0;287,288
3383;4723;3513;1;0;0;1;1142
3384;4164;3066;1;0;1;0;1152,1153
3385;4132;3034;1;0;1;0;1304,1305
3386;4400;3122;1;0;1;0;1224,1225
3387;3489;3052;1;0;1;0;2635,2636
3388;2796;5547;1;1;1;0;1,2
3389;2465;5518;1;1;1;0;155,156
3390;2495;5428;1;1;1;0;13,14
3391;2614;5366;1;1;1;0;327,328
3392;623;5216;1;0;1;0;288,289
3393;4198;3027;1;0;1;0;1153,1154
3394;4117;3030;1;0;1;0;1303,1304
3395;4512;3114;1;0;1;0;1225,1226
3396;3365;2896;1;0;1;0;2634,2635
3397;2819;5550;1;1;1;0;0,1
3398;2414;5533;1;1;1;0;154,155
3399;2482;5416;1;1;1;0;14,15
3400;2625;5352;1;1;1;0;328,329
3401;605;5218;1;0;1;0;289,290
3402;4208;3018;1;0;1;0;1154,1155
3403;4030;3042;1;0;1;0;1302,1303
3404;4587;3135;1;0;1;0;1226,1227
3405;3318;2836;1;0;1;0;2633,2634
3406;2874;5564;1;1;0;1;0
3407;2394;5535;1;1;1;0;153,154
3408;2474;5402;1;1;1;0;15,16
3409;2630;5334;1;1;1;0;329,330
3410;601;5217;1;0;1;0;290,291
3411;4222;3008;1;0;1;0;1155,1156
3412;4014;3035;1;0;1;0;1301,1302
3413;4640;3182;1;0;1;0;1227,1228
3414;3309;2822;1;0;1;0;2632,2633
3415;2362;5527;1;1;1;0;152,153
3416;2447;5357;1;1;1;0;16,17
3417;2632;5311;1;1;0;1;330
3418;599;5216;1;0;1;0;291,292
3419;4258;3002;1;0;1;0;1156,1157
3420;3997;2915;1;0;1;0;1300,1301
3421;4685;3223;1;0;1;0;1228,1229
3422;3310;2816;1;0;1;0;2631,2632
3423;2352;5530;1;1;1;0;151,152
3424;2432;5339;1;1;1;0;17,18
3425;596;5214;1;0;1;0;292,293
3426;4270;2997;1;0;1;0;1157,1158
3427;3997;2899;1;0;1;0;1299,1300
3428;4755;3243;1;0;1;0;1229,1230
3429;3315;2811;1;0;1;0;2630,2631
3430;2341;5533;1;1;1;0;150,151
3431;2426;5323;1;1;1;0;18,19
3432;593;5211;1;0;1;0;293,294
3433;4313;2968;1;0;1;0;1158,1159
3434;4000;2877;1;0;1;0;1298,1299
3435;4802;3265;1;0;1;0;1230,1231
3436;3399;2753;1;0;1;0;2629,2630
3437;2334;5541;1;1;1;0;149,150
3438;2415;5302;1;1;1;0;19,20
3439;591;5205;1;0;1;0;294,295
3440;4323;2959;1;0;1;0;1159,1160
3441;4004;2848;1;0;1;0;1297,1298
3442;4811;3276;1;0;0;1;1231
3443;3407;2746;1;0;1;0;2628,2629
3444;2323;5549;1;1;1;0;148,149
3445;2409;5293;1;1;0;0;20,21,322
3446;591;5201;1;0;1;0;295,296
3447;4339;2951;1;0;1;0;1160,1161
3448;3997;2798;1;0;1;0;1296,1297
3449;3410;2740;1;0;1;0;2627,2628
3450;2315;5555;1;1;0;1;148
3451;2405;5291;1;1;1;0;21,22
3452;2412;5284;1;0;1;0;321,322
3453;591;5193;1;0;1;0;296,297
3454;4353;2936;1;0;1;0;1161,1162
3455;3988;2786;1;0;1;0;1295,1296
3456;3410;2732;1;0;1;0;2626,2627
3457;2388;5291;1;1;1;0;22,23
3458;2428;5251;1;0;1;0;320,321
3459;593;5164;1;0;0;1;297
3460;4366;2928;1;0;1;0;1162,1163
3461;3973;2765;1;0;1;0;1294,1295
3462;3407;2726;1;0;1;0;2625,2626
3463;2339;5297;1;1;1;0;23,24
3464;2459;5226;1;0;1;0;319,320
3465;4374;2921;1;0;1;0;1163,1164
3466;3956;2758;1;0;1;0;1293,1294
3467;3387;2704;1;0;1;0;2624,2625
3468;2304;5299;1;1;1;0;24,25
3469;2464;5225;1;0;1;0;318,319
3470;4387;2909;1;0;1;0;1164,1165
3471;3935;2753;1;0;1;0;1292,1293
3472;3374;2688;1;0;1;0;2623,2624
3473;2286;5295;1;1;1;0;25,26
3474;2486;5221;1;0;1;0;317,318
3475;4452;2887;1;0;1;0;1165,1166
3476;3907;2704;1;0;1;0;1291,1292
3477;3365;2680;1;0;1;0;2622,2623
3478;2231;5265;1;0;1;0;26,27
3479;2499;5219;1;0;1;0;316,317
3480;4466;2877;1;0;0;0;1166,1167,1306
3481;3870;2634;1;0;1;0;1290,1291
3482;3355;2675;1;0;1;0;2621,2622
3483;2207;5257;1;0;1;0;27,28
3484;2507;5214;1;0;1;0;315,316
3485;4480;2868;1;0;1;0;1167,1168
3486;4474;2892;1;0;1;0;1306,1307
3487;3801;2514;1;0;0;1;1290
3488;3337;2667;1;0;1;0;2620,2621
3489;2176;5256;1;0;1;0;28,29
3490;2512;5210;1;0;1;0;314,315
3491;4488;2858;1;0;1;0;1168,1169
3492;4502;2912;1;0;1;0;1307,1308
3493;3322;2657;1;0;1;0;2619,2620
3494;2101;5253;1;0;1;0;29,30
3495;2515;5203;1;0;1;0;313,314
3496;4510;2817;1;0;1;0;1169,1170
3497;4515;2920;1;0;1;0;1308,1309
3498;3302;2642;1;0;1;0;2618,2619
3499;2068;5246;1;0;1;0;30,31
3500;2519;5190;1;0;1;0;312,313
3501;4540;2773;1;0;1;0;1170,1171
3502;4533;2927;1;0;1;0;1309,1310
3503;3291;2630;1;0;1;0;2617,2618
3504;1987;5233;1;0;1;0;31,32
3505;2525;5134;1;0;1;0;311,312
3506;4561;2735;1;0;1;0;1171,1172
3507;4549;2931;1;0;1;0;1310,1311
3508;3289;2627;1;0;1;0;2576,2617
3509;1907;5217;1;0;1;0;32,33
3510;2527;5130;1;0;1;0;310,311
3511;4568;2710;1;0;1;0;1172,1173
3512;4559;2931;1;0;1;0;1311,1312
3513;3288;2625;1;0;1;0;2575,2576
3514;1835;5211;1;0;1;0;33,34
3515;2530;5126;1;0;1;0;309,310
3516;4569;2691;1;0;1;0;1173,1174
3517;4611;2920;1;0;1;0;1312,1313
3518;3286;2622;1;0;1;0;2575,2577
3519;1650;5217;1;0;1;0;34,35
3520;2534;5124;1;0;1;0;308,309
3521;4561;2664;1;0;1;0;1174,1175
3522;4633;2924;1;0;1;0;1313,1314
3523;3280;2611;1;0;0;1;2577
3524;1565;5221;1;0;1;0;35,36
3525;2569;5120;1;0;0;1;308
3526;4560;2652;1;0;1;0;1175,1176
3527;4643;2923;1;0;1;0;1314,1315
3528;1535;5223;1;0;0;0;36,37,298
3529;4562;2644;1;0;1;0;1176,1177
3530;4697;2908;1;0;1;0;1315,1316
3531;1506;5224;1;0;1;0;37,38
3532;1550;5206;1;0;1;0;298,299
3533;4581;2613;1;0;1;0;1177,1178
3534;4728;2907;1;0;1;0;1316,1317
3535;1471;5228;1;0;1;0;38,39
3536;1557;5197;1;0;1;0;299,300
3537;4592;2598;1;0;1;0;1178,1179
3538;4740;2904;1;0;1;0;1317,1318
3539;1380;5250;1;0;1;0;39,40
3540;1580;5180;1;0;1;0;300,301
3541;4594;2591;1;0;1;0;1179,1180
3542;4750;2896;1;0;1;0;1318,1319
3543;1357;5253;1;0;1;0;40,41
3544;1599;5165;1;0;1;0;301,302
3545;4594;2579;1;0;1;0;1180,1181
3546;4760;2894;1;0;1;0;1319,1320
3547;1332;5252;1;0;1;0;41,42
3548;1638;5132;1;0;0;1;302
3549;4590;2563;1;0;1;0;1181,1182
3550;4773;2900;1;0;1;0;1320,1321
3551;1284;5268;1;0;1;0;42,43
3552;4589;2548;1;0;1;0;1182,1183
3553;4785;2901;1;0;1;0;1321,1322
3554;1254;5276;1;0;1;0;43,44
3555;4586;2541;1;0;1;0;1183,1184
3556;4794;2899;1;0;1;0;1322,1323
3557;1221;5279;1;0;1;0;44,45
3558;4565;2524;1;0;1;0;1184,1185
3559;4810;2887;1;0;1;0;1323,1324
3560;1108;5282;1;0;1;0;45,46
3561;4553;2518;1;0;1;0;1185,1186
3562;4819;2883;1;0;1;0;1324,1325
3563;1067;5291;1;1;1;0;46,47
3564;4536;2512;1;0;1;0;1186,1187
3565;4826;2881;1;0;1;0;1325,1326
3566;1033;5292;1;1;1;0;47,48
3567;4518;2510;1;0;1;0;1187,1188
3568;4834;2882;1;0;1;0;1326,1327
3569;985;5294;1;1;0;0;48,49,3672
3570;4492;2511;1;0;1;0;1188,1189
3571;4859;2890;1;0;1;0;1327,1328
3572;954;5296;1;1;1;0;49,50
3573;987;5291;1;1;1;0;3672,3673
3574;4459;2509;1;0;1;0;1189,1190
3575;4874;2898;1;0;1;0;1328,1329
3576;901;5315;1;1;1;0;50,51
3577;988;5288;1;1;1;0;3673,3674
3578;4434;2507;1;0;1;0;1190,1191
3579;4881;2898;1;0;1;0;1329,1330
3580;847;5331;1;1;1;0;51,52
3581;987;5285;1;0;1;0;3674,3675
3582;4426;2504;1;0;1;0;1191,1192
3583;4897;2892;1;0;1;0;1330,1331
3584;800;5354;1;1;1;0;52,53
3585;986;5283;1;0;1;0;3675,3676
3586;4399;2487;1;0;1;0;1192,1193
3587;4924;2874;1;0;1;0;1331,1332
3588;794;5358;1;1;1;0;53,54
3589;982;5279;1;0;1;0;3676,3677
3590;4387;2476;1;0;1;0;1193,1194
3591;4929;2863;1;0;1;0;1332,1333
3592;790;5364;1;1;1;0;54,55
3593;932;5245;1;0;1;0;3677,3678
3594;4385;2467;1;0;1;0;1194,1195
3595;4927;2849;1;0;1;0;1333,1334
3596;786;5374;1;1;1;0;55,56
3597;925;5242;1;0;1;0;3678,3679
3598;4390;2460;1;0;1;0;1195,1196
3599;4922;2838;1;0;1;0;1334,1335
3600;775;5405;1;1;0;1;56
3601;920;5240;1;0;1;0;3679,3680
3602;4429;2432;1;0;1;0;1196,1197
3603;4895;2806;1;0;1;0;1335,1336
3604;912;5239;1;0;1;0;3680,3681
3605;4446;2423;1;0;1;0;1197,1198
3606;4887;2798;1;0;1;0;1336,1337
3607;892;5239;1;0;0;1;3681
3608;4458;2414;1;0;1;0;1198,1199
3609;4866;2786;1;0;1;0;1337,1338
3610;4510;2364;1;0;1;0;1199,1200
3611;4859;2779;1;0;1;0;1338,1339
3612;4516;2362;1;0;0;0;1200,1201,3097
3613;4840;2756;1;0;1;0;1339,1340
3614;4522;2361;1;0;1;0;1201,1202
3615;4482;2332;1;0;1;0;3097,3098
3616;4833;2744;1;0;1;0;1340,1341
3617;4553;2367;1;0;1;0;1202,1203
3618;4443;2301;1;0;1;0;3098,3099
3619;4827;2731;1;0;1;0;1341,1342
3620;4595;2382;1;0;1;0;1203,1204
3621;4413;2273;1;0;1;0;3099,3100
3622;4824;2715;1;0;1;0;1342,1343
3623;4621;2393;1;0;1;0;1204,1205
3624;4395;2258;1;0;0;1;3100
3625;4826;2701;1;0;1;0;1343,1344
3626;4664;2423;1;0;1;0;1205,1206
3627;4855;2659;1;0;0;1;1344
3628;4679;2439;1;0;1;0;1206,1207
3629;4715;2483;1;0;1;0;1207,1208
3630;4726;2504;1;0;1;0;1208,1209
3631;4736;2518;1;0;1;0;1209,1210
3632;4741;2528;1;0;1;0;1210,1211
3633;4745;2539;1;0;1;0;1211,1212
3634;4756;2561;1;0;1;0;1212,1213
3635;4765;2593;1;0;1;0;1213,1214
3636;4780;2613;1;0;1;0;1214,1215
3637;4787;2618;1;0;1;0;1215,1216
3638;4798;2615;1;0;1;0;1216,1217
3639;4817;2598;1;0;1;0;1217,1218
3640;4841;2568;1;0;1;0;1218,1219
3641;4853;2556;1;0;1;0;1219,1220
3642;4868;2546;1;0;0;0;1220,1221,3753,3754
3643;4871;2543;1;0;0;1;1221
3644;4862;2532;1;0;1;0;3752,3753
3645;4887;2591;1;0;1;0;3754,3755
3646;4856;2516;1;0;1;0;3751,3752
3647;4902;2624;1;0;0;1;3755
3648;4848;2496;1;0;1;0;3750,3751
3649;4845;2486;1;0;1;0;3749,3750
3650;4836;2461;1;0;1;0;3748,3749
3651;4828;2434;1;0;1;0;3747,3748
3652;4825;2424;1;0;1;0;3746,3747
3653;4819;2404;1;0;1;0;3745,3746
3654;4817;2392;1;0;1;0;3744,3745
3655;4812;2359;1;0;1;0;3743,3744
3656;4809;2341;1;0;1;0;3742,3743
3657;4806;2329;1;0;1;0;3741,3742
3658;4803;2320;1;0;1;0;3740,3741
3659;4797;2309;1;0;1;0;3739,3740
3660;4790;2299;1;0;1;0;3738,3739
3661;4780;2286;1;0;1;0;3737,3738
3662;4772;2277;1;0;1;0;3736,3737
3663;4761;2265;1;0;1;0;3735,3736
3664;4743;2248;1;0;1;0;3734,3735
3665;4723;2230;1;0;1;0;3733,3734
3666;4700;2212;1;0;1;0;3732,3733
3667;4683;2198;1;0;1;0;3731,3732
3668;4656;2174;1;0;1;0;3730,3731
3669;4625;2148;1;0;1;0;3729,3730
3670;4597;2123;1;0;1;0;3728,3729
3671;4581;2108;1;0;1;0;3727,3728
3672;4568;2096;1;0;1;0;3726,3727
3673;4561;2088;1;0;1;0;3725,3726
3674;4551;2076;1;0;1;0;3724,3725
3675;4537;2057;1;0;1;0;3723,3724
3676;4538;2049;1;0;0;1;3723

[CESTY]
0;3;3406;3397;-1.9;56.8
1;3;3397;3388;-0.7;23.2
2;3;3388;3378;12.4;100.2
3;3;3378;3368;-11.4;34.1
4;3;3368;3358;-7.8;58.8
5;3;3358;3348;11.0;3.2
6;3;3348;3339;-5.9;17.2
7;3;3339;3331;-4.5;6.3
8;3;3331;3340;1.3;34.7
9;3;3340;3349;-11.0;2.8
10;3;3349;3360;-7.3;20.6
11;3;3360;3370;-14.7;20.2
12;3;3370;3380;7.6;19.0
13;3;3380;3390;-4.5;20.2
14;3;3390;3399;-4.1;17.7
15;3;3399;3408;-5.4;16.1
16;3;3408;3416;4.7;52.5
17;3;3416;3424;-7.3;23.4
18;3;3424;3431;-4.7;17.1
19;3;3431;3438;-14.4;23.7
20;3;3438;3445;5.9;10.8
21;3;3445;3451;0.3;4.5
22;3;3451;3457;13.9;17.0
23;3;3457;3463;-7.6;49.4
24;3;3463;3468;-6.6;35.1
25;3;3468;3473;12.5;18.4
26;3;3473;3478;1.4;62.6
27;3;3478;3483;9.0;25.3
28;3;3483;3489;13.8;31.0
29;3;3489;3494;12.5;75.1
30;3;3494;3499;9.3;33.7
31;3;3499;3504;-11.3;82.0
32;3;3504;3509;-9.2;81.6
33;3;3509;3514;13.3;72.2
34;3;3514;3519;-5.2;185.1
35;3;3519;3524;-4.8;85.1
36;3;3524;3528;6.2;30.1
37;3;3528;3531;9.9;29.0
38;3;3531;3535;-13.9;35.2
39;3;3535;3539;6.7;93.6
40;3;3539;3543;-9.1;23.2
41;3;3543;3547;-1.7;25.0
42;3;3547;3551;-3.0;50.6
43;3;3551;3554;-12.2;31.0
44;3;3554;3557;7.8;33.1
45;3;3557;3560;9.7;113.0
46;3;3560;3563;-8.8;42.0
47;3;3563;3566;7.9;34.0
48;3;3566;3569;7.9;48.0
49;3;3569;3572;-7.1;31.1
50;3;3572;3576;7.6;56.3
51;3;3576;3580;2.0;56.3
52;3;3580;3584;-8.1;52.3
53;3;3584;3588;-2.1;7.2
54;3;3588;3592;-0.4;7.2
55;3;3592;3596;-14.7;10.8
56;3;3596;3600;9.9;32.9
57;3;2124;2103;-5.3;3.2
58;3;2103;2080;-4.2;9.5
59;3;2080;2057;0.8;51.0
60;3;2057;2034;4.6;9.9
61;3;2034;2012;10.5;2.2
62;3;2012;1988;-3.8;33.1
63;3;1988;1962;-14.7;20.2
64;3;1962;1933;-10.4;13.9
65;3;1933;1903;-1.1;18.4
66;3;1903;1874;-14.7;15.7
67;3;1874;1842;10.6;5.4
68;3;1842;1813;-9.2;53.4
69;3;1813;1785;13.0;37.2
70;3;1785;1756;-2.1;25.0
71;3;1756;1724;-10.1;19.1
72;3;1724;1692;-9.5;23.0
73;3;1692;1660;-1.5;16.4
74;3;1660;1625;-4.1;4.0
75;3;1625;1591;0.9;6.3
76;3;1591;1555;-2.3;14.9
77;3;1555;1519;-14.6;27.3
78;3;1519;1481;8.3;16.4
79;3;1481;1445;-5.2;10.3
80;3;1445;1409;4.2;8.1
81;3;1409;1371;-9.8;8.0
82;3;1371;1332;13.5;6.4
83;3;1332;1292;9.9;12.6
84;3;1292;1253;10.7;15.7
85;3;1253;1216;-7.8;22.1
86;3;1216;1178;-8.4;13.3
87;3;1178;1137;-1.3;32.1
88;3;1137;1139;9.2;15.3
89;3;1139;1101;-8.9;20.5
90;3;1101;1140;-2.9;55.9
91;3;1140;1180;5.4;21.1
92;3;1180;1173;13.8;25.5
93;3;1173;1132;7.9;48.3
94;3;1132;1093;11.7;45.5
95;3;1093;1060;-10.6;37.3
96;3;1060;1029;-4.0;6.0
97;3;1029;999;-10.1;49.9
98;3;999;971;7.8;21.9
99;3;971;943;0.4;102.5
100;3;943;914;14.1;63.0
101;3;914;889;5.6;33.4
102;3;889;861;6.4;28.6
103;3;861;832;14.8;6.3
104;3;832;806;5.7;15.0
105;3;806;780;7.3;24.7
106;3;780;754;-4.3;22.0
107;3;754;727;-11.1;39.3
108;3;727;700;14.5;35.8
109;3;700;675;-0.1;74.9
110;3;675;651;7.0;44.4
111;3;651;626;-11.8;32.6
112;3;626;601;13.0;51.0
113;3;601;576;6.7;54.5
114;3;576;554;-7.9;47.4
115;3;554;526;-4.6;44.6
116;3;526;504;-6.0;21.9
117;3;504;483;-1.5;66.9
118;3;483;464;6.0;67.2
119;3;464;443;-1.0;23.1
120;2;1240;1203;-10.2;50.8
121;2;1203;1163;3.5;77.4
122;2;1163;1123;-6.1;4.5
123;2;1123;1085;12.6;10.8
124;4;2721;2733;-9.3;11.0
125;4;2733;2746;3.8;45.0
126;4;2746;2759;3.6;34.5
127;4;2759;2773;-9.4;53.0
128;4;2773;2788;7.8;48.0
129;4;2788;2796;-10.1;18.0
130;4;2796;2782;-8.8;11.0
131;4;2782;2768;14.0;25.8
132;4;2768;2755;-12.7;54.8
133;4;2755;2742;-11.7;40.8
134;4;2742;2729;-14.3;25.1
135;4;2729;2716;7.0;29.4
136;4;2716;2703;-4.8;16.6
137;4;2703;2689;9.2;19.0
138;4;2689;2671;-7.5;27.0
139;4;2671;2655;9.3;21.0
140;4;2655;2640;6.9;19.6
141;4;2640;2625;14.4;38.5
142;4;2625;2610;-12.0;30.1
143;4;2610;2596;4.5;49.3
144;4;2596;2581;1.1;18.9
145;4;2581;2568;-14.2;29.4
146;4;2568;2555;-11.3;41.0
147;4;2555;2540;2.6;35.0
148;3;3450;3444;-3.7;10.0
149;3;3444;3437;3.8;13.6
150;3;3437;3430;6.3;10.6
151;3;3430;3423;-0.4;11.4
152;3;3423;3415;12.5;10.4
153;3;3415;3407;-14.0;33.0
154;3;3407;3398;-8.3;20.1
155;3;3398;3389;5.5;53.2
156;3;3389;3379;-5.5;44.0
157;3;3379;3369;-11.9;81.0
158;3;3369;3359;0.3;12.8
159;3;3359;3348;1.4;22.8
160;3;2968;2979;-14.9;9.4
161;3;2979;2991;-0.6;44.0
162;3;2991;3003;2.3;5.8
163;3;3003;3013;-7.2;10.0
164;3;3013;3023;-9.1;43.5
165;3;3023;3033;11.6;3.6
166;3;3033;3043;4.9;5.1
167;3;3043;3055;-1.2;6.3
168;3;3055;3068;-1.6;12.1
169;3;3068;3079;10.0;9.8
170;3;3079;3091;10.4;4.0
171;3;3091;3103;7.5;3.2
172;3;3103;3116;-5.8;4.5
173;3;3116;3130;-11.3;36.8
174;3;3130;3144;1.5;11.3
175;3;3144;3157;8.5;17.3
176;3;3157;3170;-0.1;35.1
177;3;3170;3182;3.7;32.6
178;3;3182;3197;-14.8;46.2
179;3;3197;3211;1.1;16.8
180;3;3211;3226;0.1;40.3
181;3;2978;2967;-1.1;70.0
182;3;2967;2956;5.2;8.5
183;3;2956;2947;2.1;7.0
184;3;2947;2939;3.2;3.6
185;3;2939;2931;14.5;14.4
186;3;2931;2923;7.3;13.9
187;3;2923;2914;8.1;8.6
188;3;2914;2905;-2.7;8.5
189;3;2905;2895;2.9;5.4
190;3;3212;3227;8.8;59.9
191;3;2661;2678;10.4;65.3
192;3;2661;2679;10.6;8.5
193;3;2679;2696;10.7;20.5
194;3;2696;2708;-12.2;23.3
195;3;2708;2721;-3.3;17.7
196;3;2721;2734;0.7;62.4
197;3;2734;2747;-13.7;41.2
198;3;2747;2760;-8.5;25.5
199;3;2760;2774;-14.0;25.5
200;3;2774;2789;4.8;22.7
201;3;2789;2802;-6.4;14.4
202;3;2802;2815;-9.1;28.7
203;3;2815;2827;-8.4;69.4
204;3;2827;2839;9.1;11.2
205;3;2839;2850;13.0;20.6
206;3;2850;2864;3.7;14.1
207;3;2864;2875;-2.7;15.0
208;3;2875;2886;-11.4;29.7
209;3;2886;2895;-13.2;16.2
210;3;2895;2906;12.7;30.6
211;3;2906;2915;9.8;25.6
212;3;2915;2924;-10.4;36.2
213;3;2924;2932;8.0;25.5
214;3;2932;2940;-3.1;31.1
215;3;2940;2948;5.7;33.5
216;3;2948;2957;7.7;64.6
217;3;2957;2968;9.4;49.1
218;3;2899;2889;-12.3;13.6
219;3;2889;2879;12.8;10.0
220;3;2879;2868;-2.3;8.6
221;3;2868;2854;2.1;5.8
222;3;2854;2843;-7.7;5.8
223;3;2843;2831;12.7;6.3
224;3;2831;2819;-9.4;6.1
225;3;2819;2806;-6.2;16.0
226;3;2806;2792;-0.6;10.0
227;3;2792;2777;-6.0;10.4
228;3;2777;2763;3.7;24.2
229;3;2763;2750;12.4;8.1
230;3;2750;2737;-2.9;11.4
231;3;2737;2724;7.0;7.2
232;3;2724;2711;-9.4;6.1
233;3;2711;2698;-7.9;4.5
234;3;2698;2683;-4.1;5.8
235;3;2683;2699;-9.4;15.6
236;3;2699;2712;9.9;16.2
237;3;2712;2725;-1.1;21.0
238;3;2725;2738;4.8;12.7
239;3;2738;2751;-14.7;41.1
240;3;2751;2764;9.7;22.0
241;3;2764;2778;9.2;10.0
242;3;2778;2793;-1.5;8.2
243;3;2793;2807;1.2;13.0
244;3;2807;2820;6.7;9.0
245;3;2820;2832;-8.7;11.7
246;3;2832;2844;3.7;7.6
247;3;2844;2855;0.4;14.1
248;3;2855;2869;8.1;12.4
249;3;2869;2880;-3.6;10.0
250;3;2880;2890;8.5;12.0
251;3;2890;2900;-14.9;34.1
252;3;2968;2980;0.4;21.2
253;3;2980;2992;-3.9;19.9
254;3;2992;3004;-8.0;31.6
255;3;3004;3014;-2.7;29.3
256;3;3014;3024;-10.7;70.0
257;3;3024;3034;5.5;22.0
258;3;3034;3044;13.1;24.1
259;3;3044;3056;-2.3;60.2
260;3;3056;3069;0.4;34.4
261;3;3069;3080;-11.7;30.8
262;3;3080;3092;9.2;24.7
263;3;3092;3104;2.0;47.0
264;3;3104;3117;-3.6;24.7
265;3;3117;3131;-8.0;49.2
266;3;3131;3145;-2.2;14.0
267;3;3145;3158;13.7;15.0
268;3;3158;3171;12.1;23.2
269;3;3171;3183;-5.4;22.2
270;3;3183;3198;-13.6;26.0
271;3;3198;3212;4.5;13.6
272;3;3212;3228;-14.7;54.4
273;3;3228;3241;-5.8;90.1
274;3;3241;3252;4.2;27.5
275;3;3252;3262;4.1;57.9
276;3;3262;3272;3.4;47.9
277;3;3272;3282;-1.2;23.4
278;3;3282;3292;11.0;56.5
279;3;3292;3303;-13.5;23.3
280;3;3303;3313;-4.6;23.4
281;3;3313;3322;-14.6;35.8
282;3;3322;3332;-11.2;56.1
283;3;3332;3341;4.7;42.7
284;3;3341;3351;0.0;12.0
285;3;3351;3362;-14.3;19.8
286;3;3362;3372;-6.8;26.9
287;3;3372;3382;-9.5;20.5
288;3;3382;3392;-13.0;12.4
289;3;3392;3401;1.5;18.1
290;3;3401;3410;11.8;4.1
291;3;3410;3418;1.2;2.2
292;3;3418;3425;-3.0;3.6
293;3;3425;3432;-5.2;4.2
294;3;3432;3439;-11.4;6.3
295;3;3439;3446;-15.0;4.0
296;3;3446;3453;7.6;8.0
297;3;3453;3459;-2.6;29.1
298;3;3528;3532;5.6;22.7
299;3;3532;3536;-3.7;11.4
300;3;3536;3540;10.1;28.6
301;3;3540;3544;-1.5;24.2
302;3;3544;3548;-3.7;51.1
303;3;2720;2707;-0.9;23.0
304;3;2707;2695;10.5;77.1
305;3;2695;2677;8.6;13.3
306;3;2677;2660;-12.1;16.0
307;3;2660;2645;14.9;8.1
308;3;3525;3520;9.2;35.2
309;3;3520;3515;4.6;4.5
310;3;3515;3510;-11.4;5.0
311;3;3510;3505;3.5;4.5
312;3;3505;3500;7.2;56.3
313;3;3500;3495;14.8;13.6
314;3;3495;3490;-10.6;7.6
315;3;3490;3484;2.5;6.4
316;3;3484;3479;-7.9;9.4
317;3;3479;3474;12.4;13.2
318;3;3474;3469;12.0;22.4
319;3;3469;3464;4.6;5.1
320;3;3464;3458;-11.3;39.8
321;3;3458;3452;-10.4;36.7
322;3;3452;3445;14.4;9.5
323;3;3340;3350;12.6;19.4
324;3;3350;3361;8.8;12.2
325;3;3361;3371;-13.0;13.6
326;3;3371;3381;-0.2;25.3
327;3;3381;3391;-4.3;22.8
328;3;3391;3400;4.9;17.8
329;3;3400;3409;1.0;18.7
330;3;3409;3417;-12.0;23.1
331;3;2916;2907;8.3;12.2
332;3;2907;2896;-10.6;49.6
333;3;2896;2886;6.5;24.3
334;3;1957;1984;-7.2;45.2
335;3;1984;2008;-3.7;26.2
336;3;2008;2029;-5.1;41.0
337;3;2029;2052;-1.0;34.4
338;3;2052;2077;9.0;11.0
339;3;2077;2100;0.2;18.1
340;3;2100;2121;-8.1;25.7
341;3;2121;2142;-4.6;12.2
342;3;2142;2162;-7.5;7.1
343;3;2162;2187;7.8;12.0
344;3;2187;2210;-12.2;23.4
345;3;2210;2236;7.3;25.6
346;3;2236;2258;6.3;141.3
347;3;2258;2281;-7.5;201.7
348;3;2281;2301;10.6;55.9
349;3;2301;2316;8.3;16.1
350;3;2016;2039;-3.1;23.5
351;3;2039;2063;8.4;20.1
352;3;2063;2085;-5.3;82.1
353;3;2085;2107;7.0;81.0
354;3;2107;2130;-14.1;48.3
355;3;2130;2151;-7.1;34.8
356;3;2151;2173;3.3;39.8
357;3;2173;2195;-10.5;63.0
358;3;2195;2220;7.3;13.9
359;3;2016;1992;6.1;63.3
360;3;1992;1967;3.7;61.3
361;3;1967;1938;-3.1;84.6
362;3;1938;1908;-9.1;52.3
363;3;1908;1877;-4.7;15.3
364;3;1877;1845;-0.7;68.2
365;3;1845;1816;5.5;44.4
366;3;1816;1788;-5.1;30.2
367;3;1788;1759;-6.8;26.4
368;3;1759;1728;-6.6;5.8
369;3;1728;1696;-6.8;5.1
370;3;1696;1665;0.0;39.0
371;3;1665;1630;2.5;20.1
372;3;1630;1596;6.7;25.6
373;3;1596;1561;-13.4;37.6
374;3;1561;1597;-13.8;28.0
375;3;1597;1632;-2.9;4.1
376;3;1632;1664;-11.3;3.2
377;3;1664;1629;14.3;4.0
378;3;1629;1595;0.7;5.8
379;3;1595;1560;13.9;8.1
380;3;1560;1524;2.9;12.4
381;3;1524;1486;-1.9;18.2
382;3;1486;1448;14.1;22.4
383;3;1448;1413;-9.7;5.4
384;3;1413;1375;1.7;34.8
385;3;1375;1336;-4.7;28.3
386;3;1336;1296;14.1;113.8
387;3;1296;1257;0.1;19.1
388;3;1257;1297;-12.9;5.7
389;3;1297;1337;1.7;44.7
390;3;1337;1376;-6.8;13.4
391;3;1376;1415;5.1;17.0
392;3;1415;1450;-13.8;40.1
393;3;1450;1489;-4.7;19.1
394;3;1489;1527;11.5;11.2
395;3;3172;3159;-9.4;13.6
396;3;3159;3146;8.8;28.9
397;3;3146;3132;3.9;11.4
398;3;3132;3118;10.2;14.8
399;3;3118;3105;-5.1;37.6
400;3;3105;3093;7.0;23.4
401;3;3093;3081;-3.5;14.3
402;3;3081;3070;8.4;12.0
403;3;3070;3057;6.3;10.4
404;3;3057;3045;-12.1;7.6
405;3;3045;3035;-7.3;6.4
406;3;3035;3025;2.7;27.3
407;3;3025;3015;5.8;6.4
408;3;3015;3005;7.3;8.2
409;3;3005;2993;-8.4;10.2
410;3;2993;2981;11.6;18.4
411;3;2981;2969;-5.7;16.8
412;3;2969;2958;7.6;23.3
413;3;2958;2949;12.9;10.8
414;3;2949;2941;-4.1;30.4
415;3;2941;2933;5.3;29.1
416;3;2933;2925;2.1;24.2
417;3;2925;2917;5.3;10.8
418;3;2917;2908;-1.6;17.0
419;3;2908;2897;-4.0;23.0
420;3;2897;2887;-0.9;46.5
421;3;2887;2876;11.2;36.9
422;3;2876;2865;-13.8;25.3
423;3;2865;2851;5.0;34.9
424;3;2851;2840;-2.4;27.3
425;3;2840;2828;-11.3;21.0
426;3;2828;2816;-12.8;15.8
427;3;2816;2803;5.4;137.6
428;3;2803;2790;-7.6;117.5
429;3;2790;2804;1.2;84.3
430;3;2804;2817;2.4;62.6
431;3;2817;2829;-4.2;29.4
432;3;2829;2841;5.7;35.3
433;3;2841;2852;5.9;14.4
434;3;2852;2866;6.0;34.4
435;3;2866;2877;6.0;74.3
436;3;2877;2888;-14.7;35.7
437;3;2888;2898;-13.6;56.4
438;3;2898;2909;2.3;36.7
439;3;2909;2918;-0.5;43.3
440;3;2918;2926;-2.9;38.1
441;3;2926;2934;-13.4;9.2
442;3;2934;2942;8.0;15.0
443;3;2942;2950;4.3;10.2
444;3;331;346;3.8;20.1
445;3;346;350;8.7;7.0
446;3;350;334;6.6;35.4
447;3;334;319;2.4;38.1
448;3;319;303;-3.3;22.8
449;3;303;290;6.7;22.1
450;3;290;278;7.3;8.0
451;3;278;266;-0.4;14.0
452;3;266;253;3.0;23.2
453;3;253;240;7.4;14.3
454;3;240;227;3.8;29.2
455;3;227;213;3.8;17.0
456;3;213;200;-7.4;4.1
457;3;200;190;7.8;11.0
458;3;190;179;-1.7;23.0
459;3;179;169;-14.6;8.2
460;3;169;159;8.5;17.3
461;3;159;148;-4.1;16.3
462;3;148;139;-14.1;6.1
463;3;139;130;-2.0;7.1
464;3;130;122;-4.7;8.2
465;3;122;131;2.8;68.9
466;3;131;140;-7.5;4.5
467;2;2266;2244;4.8;18.2
468;2;2244;2221;-9.0;30.7
469;2;2221;2196;-5.3;48.1
470;2;2196;2174;-5.4;54.8
471;2;2174;2152;11.3;29.8
472;2;2152;2131;-4.4;38.1
473;2;2131;2108;3.1;37.0
474;2;2108;2086;-14.9;32.4
475;2;2086;2064;7.8;26.1
476;2;2064;2040;12.9;81.9
477;2;2040;2017;-1.6;11.2
478;2;2017;2041;-5.7;185.7
479;2;2041;2065;3.6;80.5
480;2;2065;2087;-13.5;4.1
481;3;292;305;8.8;40.0
482;3;305;321;-3.1;35.8
483;3;321;336;14.6;22.6
484;3;336;352;-7.5;44.3
485;3;352;365;-6.8;37.8
486;3;365;380;-2.2;22.0
487;3;380;396;-9.3;55.5
488;3;396;413;-7.7;20.8
489;3;413;431;-2.6;22.1
490;3;431;452;0.1;20.6
491;3;452;472;1.6;22.8
492;3;472;493;-1.8;24.4
493;3;493;514;-6.5;34.1
494;3;514;540;0.9;37.0
495;3;540;563;2.2;23.3
496;3;563;534;-7.3;20.9
497;3;534;509;-14.9;43.2
498;3;429;450;13.7;35.2
499;3;450;469;-13.6;28.6
500;3;469;489;-4.3;16.5
501;3;489;509;0.8;32.0
502;1;2994;2982;12.4;44.0
503;1;2982;2970;12.8;24.4
504;1;2970;2959;13.1;14.9
505;1;2959;2950;-9.6;25.6
506;1;2950;2960;-14.4;26.9
507;1;2960;2971;-2.4;38.3
508;1;2971;2984;4.5;15.2
509;1;2984;2996;3.7;19.1
510;1;2996;3007;-9.0;25.5
511;1;3007;3017;5.1;71.2
512;1;3017;3027;-2.1;94.6
513;1;3027;3037;-9.4;75.3
514;1;3037;3047;-3.8;47.4
515;1;3047;3060;-14.3;15.8
516;1;3060;3073;-8.3;36.4
517;1;3073;3084;13.6;30.2
518;1;3084;3096;-8.2;30.6
519;1;3096;3108;-3.3;9.4
520;1;3108;3121;9.2;21.6
521;1;3121;3135;-0.4;20.6
522;1;488;468;-1.7;13.3
523;1;468;447;-9.2;15.3
524;1;447;427;-7.0;66.1
525;1;427;448;11.5;35.7
526;1;448;446;14.9;3.6
527;1;446;426;11.4;3.2
528;1;426;409;-4.8;3.0
529;1;409;393;9.9;5.4
530;1;393;378;-9.6;4.2
531;1;378;364;0.6;4.2
532;1;364;379;-6.9;17.5
533;1;379;395;2.8;8.9
534;1;395;411;13.6;14.8
535;1;411;429;11.9;19.7
536;1;429;451;-6.9;6.1
537;1;451;471;-11.4;14.0
538;1;471;492;-10.3;5.0
539;1;492;512;-9.6;5.0
540;1;512;538;13.5;8.1
541;1;538;564;-1.0;4.2
542;1;564;552;2.3;15.3
543;1;552;524;5.5;48.3
544;1;524;502;14.9;8.9
545;1;502;481;-0.7;17.1
546;1;481;462;-13.7;35.0
547;1;462;441;-12.2;26.2
548;1;441;422;-12.8;19.6
549;1;422;406;-10.8;7.8
550;1;443;465;14.0;9.1
551;1;465;484;-4.3;6.3
552;1;484;505;-2.7;6.1
553;1;505;527;14.5;18.4
554;1;527;555;-5.2;3.2
555;1;555;577;5.9;27.5
556;1;577;602;-8.3;15.6
557;1;602;627;1.6;11.2
558;1;627;652;-10.6;25.3
559;1;652;676;13.4;31.0
560;1;676;701;0.7;31.6
561;1;701;728;-5.7;30.5
562;1;728;755;-12.7;29.4
563;1;755;781;5.6;52.4
564;1;781;807;-0.1;24.6
565;1;807;833;-2.0;28.2
566;1;833;862;6.9;22.2
567;1;862;890;0.1;15.8
568;1;890;915;-1.3;30.0
569;1;915;944;-11.8;21.0
570;1;944;972;-3.1;19.1
571;1;972;1000;-5.9;32.0
572;1;1000;1030;14.6;30.4
573;1;1030;1061;-7.4;48.3
574;1;1061;1095;6.8;34.7
575;1;1095;1134;9.7;49.8
576;1;1134;1175;-5.2;22.6
577;1;1175;1213;-1.6;18.4
578;1;1213;1250;-9.8;36.4
579;1;1250;1289;-6.8;66.7
580;1;1289;1329;-3.5;38.8
581;1;1329;1368;-7.1;13.0
582;1;1368;1406;9.9;11.2
583;1;1406;1442;-0.5;30.1
584;1;1442;1477;-14.2;43.4
585;1;1477;1515;-11.4;23.4
586;1;1515;1551;-14.4;66.3
587;1;1551;1587;9.6;47.4
588;1;1587;1621;-7.7;59.2
589;1;1621;1657;6.6;13.3
590;1;1657;1688;-8.6;31.6
591;1;1688;1720;-3.9;11.0
592;1;1720;1752;3.8;25.3
593;1;1752;1782;-11.4;23.5
594;1;1782;1810;-6.4;37.6
595;1;1810;1838;-14.8;33.4
596;1;1838;1870;-6.5;56.0
597;1;1870;1899;13.4;76.7
598;1;1899;1929;10.9;32.8
599;1;1929;1957;7.4;16.2
600;1;2621;2606;1.3;13.6
601;1;2452;2433;-0.3;26.1
602;1;2433;2453;-0.0;15.8
603;1;2453;2472;3.7;10.8
604;1;2472;2487;-13.1;15.8
605;1;2487;2504;9.6;21.1
606;1;2504;2520;-11.9;21.1
607;1;2520;2536;-12.5;19.0
608;1;2536;2551;0.8;25.7
609;1;2551;2564;-2.7;16.2
610;1;2564;2576;-1.1;27.7
611;1;2576;2591;1.1;64.1
612;1;2591;2605;10.9;35.8
613;1;2605;2620;-1.1;36.4
614;1;2620;2635;14.5;38.9
615;1;2635;2650;-13.7;36.6
616;1;2650;2666;-10.8;33.4
617;1;2666;2684;-6.4;43.9
618;1;2684;2685;-8.1;30.4
619;1;2685;2667;14.4;40.0
620;1;2667;2651;10.0;30.0
621;1;2651;2636;9.1;46.5
622;1;2636;2621;11.0;43.4
623;4;231;216;-5.4;30.6
624;4;216;203;-8.1;19.2
625;4;203;193;-3.5;103.1
626;4;193;183;-12.6;23.3
627;4;183;173;14.4;54.1
628;4;173;163;-11.3;79.7
629;4;163;152;-2.6;115.2
630;4;152;143;-12.6;144.6
631;4;143;134;11.7;46.1
632;4;134;125;13.5;64.7
633;4;125;118;4.5;99.1
634;1;2606;2592;9.2;17.5
635;1;2592;2577;-2.3;45.8
636;1;2577;2565;-1.1;47.9
637;1;2565;2578;-0.3;29.2
638;1;2578;2593;9.8;24.7
639;1;2593;2607;-4.8;22.5
640;1;2607;2622;14.3;35.7
641;1;2622;2637;9.8;10.0
642;1;2637;2652;3.1;13.9
643;1;2652;2668;13.1;20.2
644;1;2668;2686;6.4;36.1
645;1;2686;2700;14.7;40.3
646;1;2700;2713;-2.5;51.0
647;1;2713;2726;-8.8;59.0
648;1;2726;2739;4.2;74.7
649;1;2739;2752;2.7;59.7
650;1;2752;2765;11.9;42.7
651;1;2765;2779;6.8;41.4
652;3;3323;3314;-12.9;15.6
653;3;3314;3306;2.9;15.2
654;3;3306;3295;9.1;3.2
655;3;3295;3285;2.6;6.1
656;3;3285;3276;0.2;12.2
657;3;3276;3267;1.5;24.2
658;3;3267;3257;10.9;120.8
659;3;3257;3247;6.9;25.6
660;3;3247;3235;4.1;8.5
661;3;3235;3219;-6.4;4.0
662;3;3219;3204;5.3;56.0
663;3;3204;3190;-12.3;29.4
664;3;3190;3176;8.5;8.6
665;3;3176;3163;-8.6;22.2
666;3;3163;3150;4.3;60.2
667;3;3150;3137;-5.2;26.9
668;3;3137;3123;11.5;24.2
669;3;3123;3110;-2.9;101.8
670;3;3110;3098;-0.3;45.2
671;3;3098;3086;-8.6;71.8
672;3;3086;3075;11.7;74.1
673;3;3075;3063;2.2;62.6
674;3;3063;3049;7.1;73.0
675;3;3049;3039;6.2;31.1
676;3;3039;3029;-13.4;21.8
677;3;3029;3019;-14.5;16.1
678;3;3019;3009;4.2;31.3
679;3;3009;2999;14.6;26.2
680;3;2999;2987;6.4;43.0
681;3;2987;2975;3.3;7.3
682;1;1610;1645;-7.2;63.1
683;1;1645;1677;-10.9;105.3
684;1;1677;1709;12.2;52.8
685;1;1709;1741;13.0;23.6
686;1;1741;1772;-5.1;15.3
687;1;1772;1801;12.1;35.5
688;1;1801;1828;-4.8;102.5
689;1;1828;1858;3.8;41.6
690;1;1858;1889;11.9;15.7
691;4;2381;2367;8.9;10.8
692;4;2367;2353;-8.3;73.4
693;4;2353;2339;0.2;39.4
694;4;2339;2326;9.9;79.9
695;4;2326;2311;12.5;36.9
696;4;2311;2295;-10.4;32.8
697;4;2295;2274;-9.2;52.8
698;4;2274;2252;13.3;56.4
699;4;2252;2229;4.6;45.0
700;4;2229;2204;12.2;41.2
701;4;2204;2181;-1.5;15.8
702;4;2181;2158;6.1;8.5
703;4;2158;2138;-11.2;13.0
704;4;2138;2117;4.8;12.4
705;4;2117;2096;-7.4;48.3
706;4;1276;1238;11.6;52.9
707;4;1238;1202;3.2;17.9
708;4;1202;1239;-14.7;7.6
709;4;1239;1277;13.2;31.0
710;4;1277;1317;-1.8;6.4
711;4;1317;1358;10.8;34.2
712;4;1358;1397;-9.0;51.2
713;4;1397;1435;7.9;48.8
714;4;1435;1469;-5.5;35.4
715;4;1469;1507;10.4;41.6
716;4;1507;1543;11.4;56.3
717;4;1543;1577;-2.8;21.2
718;4;1577;1610;0.3;50.6
719;3;1919;1890;-12.7;9.5
720;3;1890;1859;3.4;56.6
721;3;1859;1829;14.1;36.5
722;3;1829;1802;-11.2;14.8
723;3;1802;1773;-3.0;41.3
724;3;1773;1742;-12.1;55.6
725;3;1742;1710;-8.1;23.3
726;3;1710;1678;-14.0;24.8
727;3;1678;1646;-3.1;23.0
728;3;1646;1611;-14.0;37.2
729;3;1611;1578;-5.6;49.8
730;3;1578;1544;8.3;17.7
731;3;1544;1508;-9.5;22.7
732;3;1508;1470;0.0;36.9
733;3;1470;1436;3.9;44.3
734;3;1436;1400;-4.9;13.2
735;3;1400;1362;4.7;15.1
736;3;1362;1321;-6.5;25.2
737;3;1321;1281;14.4;30.4
738;3;1281;1243;-12.7;24.7
739;3;1243;1205;-13.5;20.1
740;3;1205;1165;9.3;64.9
741;3;1165;1124;-9.9;44.0
742;3;1124;1086;7.3;7.3
743;3;1086;1053;-12.7;3.6
744;3;1053;1021;12.3;6.7
745;2;2682;2664;-8.0;38.3
746;2;2664;2648;-6.4;28.6
747;2;2648;2633;14.5;12.4
748;2;2633;2618;9.4;18.1
749;2;2618;2603;-7.8;30.4
750;2;2603;2590;-6.1;24.7
751;2;2590;2575;11.4;5.0
752;2;2575;2563;1.2;4.2
753;2;2563;2549;1.6;8.1
754;2;2549;2533;-7.6;7.1
755;2;2533;2517;-3.6;39.4
756;2;2517;2501;7.2;41.2
757;2;2501;2484;-14.5;31.0
758;2;2484;2469;-3.7;9.1
759;2;2469;2449;10.7;8.0
760;2;2449;2430;-3.1;7.8
761;2;2430;2413;12.3;9.2
762;2;2413;2397;-0.6;35.0
763;2;2397;2381;9.2;18.6
764;3;1124;1087;1.6;22.7
765;4;146;156;-8.4;108.2
766;4;156;161;-8.0;26.6
767;4;161;171;-11.8;3.6
768;4;171;181;-3.5;89.6
769;4;181;192;-7.4;76.0
770;4;192;202;14.6;58.7
771;4;202;215;1.0;25.0
772;3;359;373;-12.9;50.2
773;3;373;388;-10.6;17.0
774;3;388;404;6.6;29.2
775;3;404;420;-2.2;34.2
776;3;420;439;-4.9;35.4
777;3;439;460;9.5;35.5
778;3;460;455;-3.1;19.0
779;3;455;434;-10.4;27.2
780;3;434;416;11.9;21.5
781;3;416;435;-4.9;6.3
782;3;435;456;11.3;17.7
783;3;456;475;-8.1;14.3
784;3;475;496;14.5;18.7
785;3;496;518;-0.9;17.1
786;3;518;546;-9.8;18.4
787;3;546;570;-14.7;13.6
788;3;570;595;-2.8;37.2
789;3;595;620;12.8;37.0
790;3;620;645;-11.2;11.7
791;3;645;669;-12.2;12.0
792;3;669;694;12.8;4.1
793;3;694;720;8.4;5.1
794;3;720;747;-12.9;31.6
795;3;747;774;-14.1;3.0
796;3;774;800;-5.2;8.1
797;3;800;826;-11.4;13.2
798;3;826;855;7.0;8.9
799;3;855;883;-11.1;7.8
800;3;883;908;-0.4;13.9
801;3;908;936;-9.8;10.2
802;3;936;964;14.9;43.2
803;3;964;992;14.0;28.6
804;3;992;1021;0.4;7.1
805;3;1021;1054;12.7;6.3
806;3;1054;1087;10.6;21.0
807;3;161;150;4.5;32.6
808;3;150;142;6.8;29.7
809;3;142;133;-0.7;25.5
810;3;133;124;5.9;54.6
811;3;124;117;-1.2;13.0
812;3;117;110;-1.4;12.8
813;3;110;103;14.7;61.6
814;3;103;96;-9.4;21.4
815;3;96;89;-12.8;32.1
816;3;89;81;-12.1;79.1
817;3;81;74;-7.4;15.0
818;3;74;68;-1.0;55.4
819;3;1615;1650;14.2;47.0
820;3;1650;1682;-14.7;36.9
821;3;1682;1715;9.7;34.1
822;3;1715;1747;13.8;38.6
823;3;1547;1581;-13.2;24.4
824;3;1581;1614;6.0;47.7
825;3;1614;1649;-14.0;18.2
826;3;1649;1681;-11.8;22.1
827;3;2562;2547;-10.1;14.8
828;3;2547;2531;5.4;12.4
829;3;2531;2514;-12.5;20.2
830;3;2514;2498;12.4;43.3
831;3;2405;2389;14.4;18.0
832;3;2389;2374;14.5;10.8
833;3;2374;2360;-14.2;41.3
834;3;2360;2346;1.7;44.7
835;3;2346;2333;-9.5;38.8
836;3;2333;2320;-6.5;56.5
837;3;2320;2306;10.3;18.0
838;3;2306;2290;-11.4;77.8
839;3;2290;2269;13.6;126.6
840;3;2269;2247;1.9;104.7
841;3;2247;2224;14.6;92.1
842;3;2224;2199;-14.9;27.9
843;3;2199;2177;2.7;17.0
844;3;2177;2155;-4.5;15.8
845;3;2155;2134;10.5;23.1
846;3;2134;2112;-8.0;10.6
847;3;2112;2091;4.4;47.0
848;3;2091;2069;-13.0;38.8
849;3;595;621;10.8;48.8
850;3;621;646;7.1;52.8
851;3;646;670;8.7;30.4
852;3;670;695;-5.8;61.8
853;3;695;721;-15.0;6.7
854;2;2683;2665;5.1;36.7
855;2;2665;2649;12.8;20.1
856;2;2649;2634;1.3;44.6
857;2;2634;2619;6.5;3.2
858;2;1203;1164;-12.7;52.0
859;2;1164;1204;-13.0;4.0
860;2;1204;1241;3.7;4.5
861;2;1241;1278;7.2;13.5
862;2;1278;1318;2.0;44.6
863;2;1318;1359;-1.4;3.6
864;2;1359;1398;-4.3;17.2
865;2;2413;2431;7.9;22.8
866;2;2431;2450;-11.3;14.9
867;2;2450;2470;-11.0;16.6
868;2;2470;2485;9.9;16.5
869;2;2485;2502;-6.5;34.0
870;2;2502;2518;2.3;14.9
871;2;2518;2534;-8.3;16.1
872;4;2545;2529;6.6;10.3
873;4;2529;2513;-4.1;8.6
874;4;2513;2497;-14.6;6.3
875;4;2497;2480;-12.2;13.9
876;4;2480;2465;-12.4;15.0
877;4;2465;2444;-6.3;17.2
878;4;2444;2425;9.4;16.4
879;4;2425;2408;0.5;30.1
880;4;2408;2392;2.2;21.1
881;4;2392;2376;-0.6;20.6
882;4;2376;2362;-2.6;7.0
883;4;2362;2348;10.4;13.4
884;4;2348;2335;-7.1;17.0
885;4;2335;2349;9.6;8.6
886;4;2349;2363;5.2;8.6
887;4;2363;2377;-11.5;14.9
888;4;2377;2393;-13.9;30.7
889;4;2393;2409;8.6;32.0
890;4;2409;2426;-6.0;13.0
891;4;2426;2445;-4.6;43.6
892;4;2445;2466;12.4;22.5
893;4;2466;2481;9.4;39.6
894;4;2481;2498;-13.6;8.1
895;2;853;881;13.9;15.6
896;2;881;907;-10.7;35.5
897;2;907;935;9.4;63.6
898;2;935;963;-6.8;43.0
899;2;963;991;-0.7;58.2
900;2;991;1020;-11.0;71.1
901;2;1020;1052;-13.0;77.4
902;2;1052;1085;4.1;20.0
903;3;3107;3120;11.5;94.8
904;3;3120;3134;11.8;40.3
905;3;3134;3148;5.1;32.6
906;3;3148;3161;13.4;41.6
907;3;3161;3173;2.8;17.3
908;3;3173;3186;-2.7;10.0
909;3;3186;3184;2.3;14.3
910;3;3184;3172;4.5;14.8
911;3;3172;3185;1.1;32.6
912;3;3185;3200;-0.3;34.0
913;3;3200;3214;-1.7;66.3
914;3;3214;3230;12.9;80.5
915;3;3230;3243;-7.9;32.7
916;3;3243;3253;-4.1;16.6
917;3;3253;3263;-4.7;15.3
918;3;3263;3273;-12.6;25.1
919;3;3273;3283;-4.9;22.1
920;3;3283;3293;9.5;30.0
921;3;3293;3304;-6.4;52.8
922;3;1855;1826;10.0;29.0
923;3;492;513;-4.1;11.7
924;3;465;485;11.7;68.3
925;3;1026;996;-8.9;85.0
926;3;996;968;-6.7;25.6
927;3;968;940;10.6;63.6
928;3;940;911;13.7;66.7
929;3;911;886;14.6;125.4
930;3;886;858;-11.6;209.8
931;3;858;829;-5.0;34.5
932;3;829;803;11.5;33.2
933;3;803;777;13.9;27.7
934;3;777;751;-8.3;43.9
935;3;751;724;-14.9;24.7
936;3;724;698;-3.3;26.2
937;4;1075;1110;2.7;26.4
938;4;1110;1151;-11.5;22.4
939;4;1151;1191;-0.9;23.8
940;4;1191;1227;5.9;21.1
941;4;1227;1265;-7.3;22.0
942;3;625;649;-12.0;10.0
943;3;649;673;11.3;7.8
944;3;673;698;-12.5;49.2
945;3;2084;2062;-4.1;9.2
946;3;2062;2038;8.4;9.5
947;3;2038;2015;13.8;13.5
948;3;2015;1991;-7.2;15.6
949;3;1991;1990;-1.0;19.8
950;3;1990;1964;-12.4;106.1
951;3;1964;1935;7.8;26.6
952;3;1935;1905;12.7;15.0
953;3;1905;1875;-11.2;22.4
954;3;1875;1906;-10.2;14.4
955;3;1906;1936;-4.8;29.1
956;3;1936;1965;14.9;44.3
957;3;1965;1956;-13.9;28.3
958;3;1956;1928;10.9;29.8
959;3;1928;1898;-11.9;13.4
960;3;1898;1869;-1.3;21.6
961;3;1869;1837;-5.6;23.0
962;3;1837;1809;-2.0;24.0
963;3;1809;1781;7.7;24.7
964;3;1781;1751;-9.7;29.5
965;3;1751;1719;-3.9;32.2
966;3;1719;1686;-1.2;19.1
967;3;1686;1654;10.9;22.8
968;3;1654;1618;-12.5;60.0
969;3;1618;1585;7.7;39.6
970;3;1585;1549;10.1;30.0
971;3;1549;1513;10.2;26.0
972;3;1513;1475;-5.5;28.4
973;3;1475;1440;4.4;24.0
974;3;1440;1404;4.0;7.6
975;3;1404;1366;12.4;5.1
976;3;1366;1326;-12.4;8.0
977;3;1326;1286;-2.5;7.8
978;3;1286;1247;-7.4;30.4
979;3;1247;1210;9.5;17.0
980;3;1210;1171;7.7;17.1
981;3;1171;1130;-1.3;27.2
982;3;1130;1092;8.3;9.2
983;3;1092;1059;-11.0;6.1
984;3;1059;1028;-10.1;39.8
985;3;1028;998;-2.7;101.3
986;3;998;970;14.0;40.4
987;3;970;942;-9.8;20.0
988;3;942;913;-14.7;10.8
989;3;913;888;-3.4;32.6
990;3;888;860;6.1;25.5
991;3;860;831;14.9;25.6
992;3;831;805;0.1;7.2
993;3;805;779;-1.4;8.1
994;3;779;753;-3.8;11.0
995;3;753;726;-11.1;17.5
996;3;726;699;2.5;23.8
997;3;699;674;-14.2;55.7
998;3;674;650;3.1;45.2
999;3;650;625;-13.0;14.9
1000;3;625;600;1.3;34.5
1001;3;600;575;-10.2;15.3
1002;3;575;553;2.4;17.3
1003;3;553;525;-13.0;18.2
1004;3;525;503;3.7;22.5
1005;3;503;482;-4.5;44.6
1006;3;482;463;-2.9;16.0
1007;3;463;442;10.2;54.8
1008;3;442;423;-13.8;24.0
1009;3;698;725;-13.8;20.1
1010;3;725;752;-0.5;19.8
1011;3;752;778;13.7;50.3
1012;3;778;804;-14.5;47.4
1013;3;804;830;6.2;5.7
1014;3;830;859;-3.1;28.7
1015;3;859;887;-0.2;47.3
1016;3;887;912;-9.3;21.1
1017;3;912;941;-14.0;19.1
1018;3;941;969;9.0;31.0
1019;3;969;997;-13.9;33.2
1020;3;997;1027;10.4;43.0
1021;3;1027;1058;-3.5;13.0
1022;3;1058;1091;-4.4;10.4
1023;3;1091;1129;11.5;8.9
1024;3;1129;1170;5.5;17.3
1025;3;1170;1195;2.3;92.8
1026;3;1195;1155;-4.6;15.8
1027;3;1155;1115;-7.6;5.7
1028;3;1115;1077;-8.0;6.4
1029;3;1077;1045;1.3;6.1
1030;3;1045;1015;-4.2;7.1
1031;3;1015;1046;-6.7;15.1
1032;3;1046;1078;12.5;9.2
1033;3;1078;1116;5.1;27.1
1034;3;1116;1156;-4.8;12.0
1035;3;1156;1196;-9.0;12.4
1036;3;1196;1232;2.0;7.6
1037;3;1232;1270;13.3;7.1
1038;3;1270;1311;-12.2;8.1
1039;3;1311;1353;2.9;11.4
1040;3;1353;1391;10.5;63.2
1041;3;1391;1429;14.1;11.0
1042;3;1429;1463;12.3;9.8
1043;3;1463;1502;-4.7;12.0
1044;3;1502;1538;10.0;23.0
1045;3;1538;1501;-7.6;44.0
1046;3;1501;1462;-14.5;30.0
1047;3;1462;1427;-7.9;61.7
1048;3;1427;1387;10.3;26.9
1049;3;1387;1349;3.2;22.5
1050;3;1349;1307;-13.4;37.0
1051;3;1307;1266;-11.7;25.3
1052;3;1266;1228;10.8;17.9
1053;3;1228;1192;8.4;36.4
1054;3;1192;1152;-7.0;42.4
1055;3;1152;1111;-5.0;6.0
1056;3;1111;1075;-8.6;5.0
1057;3;1075;1112;10.9;6.3
1058;3;1112;1153;-4.2;10.0
1059;3;1153;1193;-13.0;27.0
1060;3;1193;1229;-0.8;50.1
1061;3;1229;1267;-8.3;57.7
1062;3;1267;1308;0.7;79.4
1063;3;1308;1350;-2.2;39.8
1064;3;1350;1388;4.5;60.0
1065;3;1388;1390;-3.2;22.0
1066;3;1390;1352;-6.3;18.8
1067;3;1352;1310;-0.9;39.4
1068;3;1310;1269;6.5;22.0
1069;3;1269;1231;-2.5;13.3
1070;3;1231;1194;0.5;13.6
1071;3;1194;1154;-6.9;79.5
1072;3;1154;1113;12.8;40.8
1073;3;1113;1076;-12.9;16.6
1074;3;1076;1114;1.4;23.9
1075;3;1114;1150;-1.1;16.3
1076;3;1150;1109;-1.8;17.5
1077;3;1109;1074;-7.6;106.8
1078;3;1074;1042;-10.9;29.2
1079;3;1042;1012;5.2;35.0
1080;3;1012;983;11.0;33.4
1081;3;983;955;-12.6;16.3
1082;3;955;927;11.9;22.5
1083;3;927;899;13.2;30.8
1084;3;899;872;11.2;35.9
1085;3;872;843;8.4;16.1
1086;3;843;815;14.9;10.3
1087;3;815;789;11.3;11.7
1088;3;789;763;-6.6;21.4
1089;3;763;736;-0.9;98.0
1090;3;736;709;-14.6;12.6
1091;3;709;683;4.8;8.1
1092;3;683;658;-2.2;13.9
1093;3;658;633;-6.0;33.2
1094;3;633;607;-8.8;7.2
1095;3;607;582;-5.0;7.2
1096;3;582;558;-6.4;35.5
1097;3;558;530;12.5;52.6
1098;3;530;506;-12.8;99.7
1099;3;506;486;0.0;18.4
1100;3;486;466;-10.9;18.0
1101;3;466;444;-8.0;32.1
1102;3;444;424;-0.0;21.5
1103;3;424;407;8.0;43.0
1104;3;407;391;6.6;17.2
1105;3;391;376;11.4;18.4
1106;3;376;362;-10.5;27.6
1107;3;362;348;-6.9;27.5
1108;3;348;332;-8.2;19.6
1109;3;332;317;-14.6;47.1
1110;3;317;301;2.9;11.7
1111;3;301;288;7.2;22.5
1112;3;288;276;5.3;11.7
1113;3;276;275;7.3;19.3
1114;4;3051;3065;4.9;22.4
1115;4;3065;3077;9.8;87.0
1116;4;3077;3088;-13.6;55.3
1117;4;3088;3100;-12.7;54.6
1118;4;3100;3113;-7.4;7.1
1119;4;3113;3126;10.1;6.3
1120;4;3126;3140;-3.6;161.2
1121;4;3140;3153;-14.8;71.1
1122;4;3153;3166;7.2;32.2
1123;4;3166;3178;-0.8;18.4
1124;4;3178;3192;-1.8;28.4
1125;4;3192;3206;-14.3;75.7
1126;4;3206;3221;-0.0;34.4
1127;4;3221;3237;-12.8;110.5
1128;4;3237;3248;-1.9;55.9
1129;4;3248;3258;-13.5;39.8
1130;4;3258;3268;6.7;96.4
1131;4;3268;3277;-12.0;54.8
1132;4;3277;3286;-11.9;51.7
1133;4;3286;3296;-2.8;39.7
1134;4;3296;3307;1.0;87.1
1135;4;3307;3316;-10.9;153.7
1136;4;3316;3326;11.2;130.9
1137;4;3326;3334;12.5;68.0
1138;4;3334;3343;-8.5;86.9
1139;4;3343;3353;13.6;61.0
1140;4;3353;3363;-11.7;78.5
1141;4;3363;3373;-12.8;11.3
1142;4;3373;3383;-0.0;143.0
1143;3;3286;3297;-3.2;10.4
1144;3;3297;3308;8.7;14.1
1145;3;3308;3317;7.8;39.2
1146;3;3317;3327;14.3;46.2
1147;3;3327;3335;-8.8;45.3
1148;3;3335;3344;8.7;105.2
1149;3;3344;3354;2.9;9.5
1150;3;3354;3364;-3.6;11.4
1151;3;3364;3375;11.6;32.3
1152;3;3375;3384;-10.9;15.8
1153;3;3384;3393;-7.6;51.7
1154;3;3393;3402;-5.9;13.5
1155;3;3402;3411;-0.4;17.2
1156;3;3411;3419;7.8;36.5
1157;3;3419;3426;-10.9;13.0
1158;3;3426;3433;7.1;51.9
1159;3;3433;3440;1.4;13.5
1160;3;3440;3447;3.1;17.9
1161;3;3447;3454;8.8;20.5
1162;3;3454;3460;9.0;15.3
1163;3;3460;3465;-6.3;10.6
1164;3;3465;3470;10.5;17.7
1165;3;3470;3475;-3.6;68.6
1166;3;3475;3480;-7.5;17.2
1167;3;3480;3485;10.9;16.6
1168;3;3485;3491;-7.5;12.8
1169;3;3491;3496;4.7;46.5
1170;3;3496;3501;-5.8;53.3
1171;3;3501;3506;5.5;43.4
1172;3;3506;3511;-12.0;26.0
1173;3;3511;3516;4.3;19.0
1174;3;3516;3521;-11.7;28.2
1175;3;3521;3526;12.0;12.0
1176;3;3526;3529;-11.3;8.2
1177;3;3529;3533;2.5;36.4
1178;3;3533;3537;-1.1;18.6
1179;3;3537;3541;1.7;7.3
1180;3;3541;3545;10.0;12.0
1181;3;3545;3549;0.7;16.5
1182;3;3549;3552;-2.2;15.0
1183;3;3552;3555;14.1;7.6
1184;3;3555;3558;9.1;27.0
1185;3;3558;3561;-13.6;13.4
1186;3;3561;3564;11.5;18.0
1187;3;3564;3567;8.6;18.1
1188;3;3567;3570;-11.4;26.0
1189;3;3570;3574;-13.0;33.1
1190;3;3574;3578;-14.1;25.1
1191;3;3578;3582;-6.6;8.5
1192;3;3582;3586;-5.5;31.9
1193;3;3586;3590;5.0;16.3
1194;3;3590;3594;2.5;9.2
1195;3;3594;3598;-2.6;8.6
1196;3;3598;3602;6.8;48.0
1197;3;3602;3605;11.5;19.2
1198;3;3605;3608;4.3;15.0
1199;3;3608;3610;14.3;72.1
1200;3;3610;3612;-6.7;6.3
1201;3;3612;3614;8.7;6.1
1202;3;3614;3617;-0.2;31.6
1203;3;3617;3620;0.3;44.6
1204;3;3620;3623;-4.3;28.2
1205;3;3623;3626;8.2;52.4
1206;3;3626;3628;-0.2;21.9
1207;3;3628;3629;-11.3;56.9
1208;3;3629;3630;9.6;23.7
1209;3;3630;3631;-14.9;17.2
1210;3;3631;3632;-0.2;11.2
1211;3;3632;3633;14.9;11.7
1212;3;3633;3634;10.9;24.6
1213;3;3634;3635;12.1;33.2
1214;3;3635;3636;8.9;25.0
1215;3;3636;3637;-2.4;8.6
1216;3;3637;3638;5.8;11.4
1217;3;3638;3639;-5.3;25.5
1218;3;3639;3640;4.6;38.4
1219;3;3640;3641;3.4;17.0
1220;3;3641;3642;9.2;18.0
1221;3;3642;3643;-13.1;4.2
1222;3;3354;3365;0.6;76.8
1223;3;3365;3376;-10.5;59.9
1224;3;3376;3386;4.3;144.7
1225;3;3386;3395;-13.7;112.3
1226;3;3395;3404;-1.7;77.9
1227;3;3404;3413;-14.2;70.8
1228;3;3413;3421;-3.9;60.9
1229;3;3421;3428;-10.4;72.8
1230;3;3428;3435;-8.7;51.9
1231;3;3435;3442;-0.5;14.2
1232;3;1826;1799;-13.6;3.6
1233;3;1799;1770;-11.8;39.0
1234;3;1770;1739;-11.3;39.2
1235;3;1739;1707;4.8;65.1
1236;3;1707;1675;7.0;68.0
1237;3;1675;1642;-3.5;43.0
1238;3;1642;1607;0.1;24.0
1239;3;1607;1572;-2.5;20.4
1240;3;1572;1536;-4.2;12.0
1241;3;1536;1499;-13.5;10.2
1242;3;1499;1460;1.3;11.2
1243;3;1460;1425;-14.5;19.0
1244;3;1425;1386;-7.8;16.1
1245;3;1465;1431;-11.9;105.7
1246;3;1431;1393;-7.6;40.3
1247;3;1393;1355;-13.7;12.1
1248;3;1355;1394;-2.6;32.4
1249;3;1394;1432;-14.8;11.0
1250;3;1432;1466;13.3;11.4
1251;3;1466;1504;3.9;22.7
1252;3;1504;1540;1.1;16.4
1253;3;1540;1574;-12.6;125.7
1254;3;1324;1284;-7.0;31.3
1255;3;1284;1245;3.3;15.3
1256;3;1245;1207;-10.6;25.5
1257;3;1207;1167;6.9;33.5
1258;3;1167;1126;-3.6;28.8
1259;3;1126;1088;-4.0;33.6
1260;3;1088;1055;-5.7;49.4
1261;3;1055;1022;8.8;34.5
1262;3;1022;993;5.8;31.8
1263;3;993;965;-11.6;29.8
1264;3;965;937;-1.2;93.0
1265;3;937;909;9.8;99.5
1266;3;909;884;-2.5;60.1
1267;3;884;856;-0.6;19.2
1268;3;856;827;-4.8;24.6
1269;3;827;801;13.6;29.2
1270;3;801;775;12.8;129.1
1271;3;775;749;2.7;15.1
1272;3;749;722;-4.9;19.2
1273;3;722;696;-2.3;161.8
1274;3;696;671;8.9;38.2
1275;3;671;647;-5.4;45.2
1276;3;647;622;5.5;30.5
1277;3;622;596;12.9;31.4
1278;3;596;571;1.7;37.1
1279;3;571;547;14.2;40.3
1280;3;547;519;8.1;103.8
1281;3;519;497;4.9;58.3
1282;3;497;476;-13.0;26.2
1283;3;476;457;-11.2;29.2
1284;3;457;436;5.8;60.6
1285;3;436;417;-12.0;31.8
1286;3;417;401;4.0;21.2
1287;3;401;385;-13.5;26.6
1288;3;385;370;8.4;8.2
1289;3;370;358;4.0;10.2
1290;3;3487;3481;2.4;138.4
1291;3;3481;3476;-3.4;79.2
1292;3;3476;3471;5.2;56.4
1293;3;3471;3466;2.9;21.6
1294;3;3466;3461;-6.3;18.4
1295;3;3461;3455;-14.1;25.8
1296;3;3455;3448;-6.2;15.0
1297;3;3448;3441;13.8;50.5
1298;3;3441;3434;0.3;29.3
1299;3;3434;3427;-8.2;22.2
1300;3;3427;3420;-9.8;16.0
1301;3;3420;3412;2.9;121.2
1302;3;3412;3403;11.8;17.5
1303;3;3403;3394;-10.0;87.8
1304;3;3394;3385;1.2;15.5
1305;3;3385;3375;-11.3;50.5
1306;4;3480;3486;-13.2;17.0
1307;4;3486;3492;-11.7;34.4
1308;4;3492;3497;5.6;15.3
1309;4;3497;3502;10.8;19.3
1310;4;3502;3507;5.6;16.5
1311;4;3507;3512;-11.6;10.0
1312;4;3512;3517;-9.2;53.2
1313;4;3517;3522;-11.1;22.4
1314;4;3522;3527;-3.0;10.0
1315;4;3527;3530;-4.6;56.0
1316;4;3530;3534;8.6;31.0
1317;4;3534;3538;-5.4;12.4
1318;4;3538;3542;9.4;12.8
1319;4;3542;3546;-9.6;10.2
1320;4;3546;3550;4.1;14.3
1321;4;3550;3553;11.8;12.0
1322;4;3553;3556;11.6;9.2
1323;4;3556;3559;6.8;20.0
1324;4;3559;3562;9.1;9.8
1325;4;3562;3565;-2.0;7.3
1326;4;3565;3568;10.6;8.1
1327;4;3568;3571;-14.8;26.2
1328;4;3571;3575;6.9;17.0
1329;4;3575;3579;-4.2;7.0
1330;4;3579;3583;9.4;17.1
1331;4;3583;3587;4.6;32.4
1332;4;3587;3591;-3.4;12.1
1333;4;3591;3595;-1.1;14.1
1334;4;3595;3599;-6.0;12.1
1335;4;3599;3603;9.5;41.9
1336;4;3603;3606;-8.1;11.3
1337;4;3606;3609;-9.1;24.2
1338;4;3609;3611;-3.8;9.9
1339;4;3611;3613;-14.7;29.8
1340;4;3613;3616;2.0;13.9
1341;4;3616;3619;9.1;14.3
1342;4;3619;3622;-9.7;16.3
1343;4;3622;3625;-4.7;14.1
1344;4;3625;3627;12.6;51.0
1345;3;1921;1950;-8.2;7.1
1346;3;1950;1979;14.8;10.0
1347;3;1979;2002;-11.1;11.7
1348;3;2002;2024;4.5;17.0
1349;3;2024;2047;-6.0;13.0
1350;3;2047;2071;-9.8;21.0
1351;3;2071;2094;2.3;36.4
1352;3;2094;2115;-1.2;26.6
1353;3;2115;2097;-14.8;26.3
1354;3;2097;2074;-4.7;16.1
1355;3;2074;2050;-0.0;5.0
1356;3;2050;2027;-13.2;5.0
1357;3;2027;2006;9.4;10.8
1358;3;2006;1983;-12.3;32.2
1359;4;1244;1282;-10.2;29.4
1360;4;1282;1322;1.3;35.7
1361;4;1322;1363;-6.8;33.2
1362;4;1363;1401;6.1;24.0
1363;4;1401;1437;12.2;69.1
1364;4;1437;1471;13.0;11.4
1365;4;1471;1509;-14.9;22.8
1366;4;1509;1545;-5.2;24.4
1367;4;1545;1579;-14.8;36.8
1368;4;1579;1612;-11.9;24.7
1369;4;1612;1647;-7.2;30.4
1370;4;1647;1679;7.0;27.9
1371;4;1679;1711;14.6;30.1
1372;4;1711;1743;-11.6;16.3
1373;4;1743;1774;9.4;32.3
1374;4;1774;1803;-13.6;21.5
1375;4;1803;1830;-5.5;31.6
1376;4;1830;1860;0.1;38.2
1377;4;1860;1891;-14.9;22.0
1378;4;1891;1920;14.0;11.4
1379;3;1861;1892;5.3;4.1
1380;3;1892;1921;-3.2;3.0
1381;3;2135;2137;9.0;22.8
1382;3;2137;2116;1.1;27.2
1383;3;2116;2095;-1.1;60.5
1384;3;2095;2072;-4.1;74.2
1385;3;2072;2048;-6.1;43.6
1386;3;2048;2025;6.4;15.0
1387;3;2025;2003;1.1;8.6
1388;3;2003;1980;9.2;7.6
1389;3;1980;1951;-12.3;5.4
1390;3;1951;1922;6.6;5.1
1391;3;1922;1892;-1.0;5.0
1392;3;1892;1923;-10.4;2.8
1393;3;1923;1952;-15.0;8.6
1394;1;1244;1283;-0.2;13.0
1395;1;1283;1323;-3.1;10.3
1396;1;1323;1364;12.0;19.9
1397;1;1364;1402;-3.7;20.6
1398;1;1402;1438;9.9;59.4
1399;1;1438;1473;-14.9;20.0
1400;1;1473;1511;-8.3;16.5
1401;1;1511;1547;-9.2;18.7
1402;1;1547;1582;-2.6;27.2
1403;1;1582;1615;5.5;48.8
1404;1;1615;1651;9.6;25.7
1405;1;1651;1683;-9.6;47.0
1406;1;1683;1716;14.1;35.3
1407;1;1716;1748;-3.5;26.7
1408;1;1748;1778;12.8;21.2
1409;1;1778;1807;6.1;13.0
1410;1;1807;1835;5.5;8.2
1411;1;1835;1867;-14.7;8.6
1412;1;1867;1896;0.2;8.9
1413;1;1896;1926;-10.0;10.2
1414;1;1926;1955;14.7;21.2
1415;1;1955;1983;-0.2;26.4
1416;1;1983;2007;-0.5;123.7
1417;1;2007;2028;6.8;12.4
1418;1;2028;2051;-2.5;52.4
1419;1;2051;2075;12.4;11.2
1420;1;2075;2098;6.3;25.1
1421;1;2098;2119;-3.1;34.7
1422;1;2119;2140;-9.3;17.3
1423;1;2140;2160;7.3;22.0
1424;1;2160;2184;14.3;14.4
1425;1;2184;2207;6.1;58.4
1426;1;2207;2232;-13.6;69.0
1427;1;2232;2254;-10.5;5.4
1428;1;2254;2276;7.0;142.1
1429;4;1087;1125;-2.0;22.4
1430;4;1125;1166;12.1;27.5
1431;4;1166;1206;-7.3;23.4
1432;4;1206;1244;-13.3;25.9
1433;3;1679;1712;-14.5;21.2
1434;3;1712;1744;1.3;30.9
1435;3;1744;1775;9.9;19.4
1436;3;1775;1804;13.4;19.0
1437;3;1804;1831;-8.7;19.0
1438;3;1831;1861;9.0;10.4
1439;3;1306;1348;3.5;11.4
1440;3;1348;1386;14.9;6.4
1441;3;1386;1426;-2.2;15.6
1442;3;1426;1461;-14.6;25.7
1443;3;1461;1500;0.0;8.9
1444;3;1500;1537;0.5;31.3
1445;3;443;423;12.6;21.4
1446;3;949;976;1.9;26.9
1447;3;976;1004;-4.0;21.3
1448;3;1004;1034;14.7;24.4
1449;3;1034;1065;7.5;38.3
1450;3;1065;1099;14.2;25.0
1451;3;1099;1137;4.3;23.4
1452;3;2012;2035;-12.4;13.4
1453;3;2035;2059;-13.5;14.0
1454;3;2059;2082;-5.5;9.9
1455;3;2082;2105;-6.9;64.0
1456;3;2105;2128;2.2;48.4
1457;3;2128;2149;13.9;57.8
1458;3;2149;2171;14.2;55.8
1459;3;2171;2193;-9.5;36.9
1460;3;2193;2218;-14.6;7.6
1461;3;2218;2242;-10.6;7.0
1462;3;630;655;-14.5;92.9
1463;3;655;679;5.4;178.6
1464;3;679;704;-8.7;104.4
1465;3;704;731;-11.4;13.6
1466;3;731;758;5.5;9.4
1467;3;758;784;6.6;145.0
1468;3;784;810;-3.1;8.5
1469;3;810;836;-2.2;37.6
1470;3;836;866;-0.3;28.2
1471;3;866;893;9.4;14.0
1472;3;893;918;14.3;10.8
1473;3;918;947;6.6;17.2
1474;3;947;974;0.1;29.0
1475;3;974;1002;-3.9;18.4
1476;3;1002;1032;-8.7;53.2
1477;3;1032;1063;-7.2;33.1
1478;3;1063;1097;5.9;6.3
1479;3;1097;1136;-7.7;14.6
1480;3;1136;1177;3.8;13.0
1481;3;1177;1215;1.4;13.0
1482;3;1215;1252;-5.3;8.2
1483;3;1252;1291;12.5;7.2
1484;3;1291;1331;-3.0;3.2
1485;3;1331;1370;1.8;2.2
1486;3;1370;1408;7.0;7.2
1487;3;1408;1444;-1.5;2.2
1488;3;1444;1479;5.5;6.1
1489;3;1479;1517;2.6;14.8
1490;3;1517;1553;2.2;5.0
1491;3;1553;1589;-9.2;5.8
1492;3;1589;1623;-9.4;10.3
1493;3;1623;1658;12.3;12.6
1494;3;1658;1689;-4.2;15.0
1495;3;1689;1721;-2.4;16.3
1496;3;1721;1753;-11.0;16.6
1497;3;1753;1783;-12.1;10.6
1498;3;1930;1900;-7.7;6.1
1499;3;1900;1871;6.2;6.1
1500;3;1871;1839;-6.0;4.1
1501;3;1839;1811;-2.1;6.3
1502;3;1811;1783;11.4;7.6
1503;3;555;578;1.6;18.7
1504;3;578;603;4.4;43.0
1505;3;603;628;-12.4;32.4
1506;3;628;653;-4.3;22.5
1507;3;653;677;-8.3;26.4
1508;3;677;702;-0.3;22.0
1509;3;702;729;12.5;18.0
1510;3;729;756;-13.9;26.0
1511;3;756;782;2.1;13.9
1512;3;782;808;6.1;21.0
1513;3;808;834;10.6;83.2
1514;3;834;863;1.3;28.5
1515;3;863;838;14.3;45.0
1516;3;838;812;13.2;24.0
1517;3;812;786;7.7;62.0
1518;3;786;760;-4.6;58.7
1519;3;760;733;4.4;76.4
1520;3;733;706;6.4;33.4
1521;3;706;680;-13.6;32.3
1522;3;680;655;-1.3;59.2
1523;3;1659;1690;-1.4;29.4
1524;3;1690;1722;5.8;41.4
1525;3;1722;1754;-1.0;27.0
1526;3;1754;1725;-9.5;22.5
1527;3;1725;1693;4.2;25.5
1528;3;1693;1661;1.0;20.0
1529;3;1661;1626;-4.1;9.2
1530;3;1626;1592;8.0;12.0
1531;3;1592;1556;-5.2;22.2
1532;3;1556;1520;-10.1;12.0
1533;3;1520;1482;2.6;13.3
1534;3;1482;1446;-6.9;13.6
1535;3;1446;1410;-7.2;15.1
1536;3;1410;1372;9.7;27.7
1537;3;1372;1333;-2.4;9.1
1538;3;1333;1293;-8.7;10.2
1539;3;1293;1254;-13.6;61.4
1540;3;1254;1217;13.3;44.8
1541;3;1217;1179;14.3;10.3
1542;3;1179;1138;13.7;7.0
1543;3;1138;1100;-1.0;14.3
1544;3;1100;1065;-10.8;58.6
1545;3;1065;1101;-5.8;35.5
1546;2;556;579;3.2;19.3
1547;2;579;604;-9.6;11.2
1548;2;604;629;-6.9;21.0
1549;2;629;654;-2.9;26.0
1550;2;654;678;-4.9;37.4
1551;2;678;703;12.4;65.1
1552;2;703;730;10.9;43.4
1553;2;730;757;14.7;20.0
1554;2;757;783;11.5;20.5
1555;2;783;809;-7.6;23.4
1556;2;809;835;-12.8;28.8
1557;2;835;865;-4.1;17.1
1558;2;865;892;5.0;13.0
1559;2;892;917;-7.5;27.7
1560;2;917;946;12.8;17.5
1561;2;946;973;-6.2;14.1
1562;2;973;1001;-13.2;20.4
1563;2;1001;1031;2.7;25.2
1564;2;1031;1062;4.5;54.6
1565;2;1062;1096;5.4;127.4
1566;2;1096;1098;-11.6;64.6
1567;2;1098;1064;-14.7;19.4
1568;2;1064;1033;6.9;27.8
1569;2;1033;1003;-12.6;54.8
1570;2;1003;975;-8.3;30.1
1571;2;975;948;-9.3;12.1
1572;2;948;919;2.9;34.5
1573;2;919;893;1.1;87.0
1574;2;893;920;13.9;30.0
1575;2;920;949;14.2;33.9
1576;2;949;977;10.0;56.6
1577;2;977;1005;5.2;49.4
1578;2;1005;1035;-7.5;73.8
1579;2;1035;1067;-10.8;28.2
1580;2;1067;1060;0.6;7.0
1581;2;1060;1094;9.8;26.0
1582;2;1094;1133;12.1;13.0
1583;2;1133;1174;11.0;16.0
1584;2;1174;1212;8.5;10.0
1585;2;1212;1249;-0.2;7.6
1586;2;1249;1288;-12.2;8.1
1587;2;1288;1328;14.4;7.8
1588;2;1328;1367;3.0;18.8
1589;2;1367;1405;-11.9;25.1
1590;2;1405;1441;3.5;9.0
1591;2;1441;1476;-9.3;7.1
1592;2;1476;1514;13.0;6.0
1593;2;1514;1550;9.8;8.1
1594;2;1550;1586;-2.3;5.0
1595;2;1586;1620;5.5;5.8
1596;2;1620;1656;12.2;8.1
1597;2;1656;1687;-12.1;35.0
1598;2;1687;1655;6.8;21.2
1599;2;1655;1619;1.6;22.2
1600;2;1619;1585;8.5;28.8
1601;3;2165;2190;-9.9;38.9
1602;3;2190;2213;6.4;28.8
1603;3;2213;2239;-1.2;32.3
1604;3;2239;2262;0.2;58.7
1605;3;2262;2284;3.8;42.0
1606;3;2284;2261;10.3;41.0
1607;3;2261;2238;2.9;23.3
1608;3;2238;2212;14.5;20.6
1609;3;2212;2189;6.8;34.2
1610;3;2189;2164;11.9;82.9
1611;3;2164;2144;8.0;58.9
1612;3;2144;2122;6.4;25.8
1613;3;2122;2101;-3.0;28.5
1614;3;2101;2078;-7.1;21.0
1615;3;2078;2053;-13.4;16.5
1616;3;2053;2030;5.7;26.5
1617;3;2030;2009;-0.6;14.0
1618;3;2009;1985;-2.6;22.6
1619;3;1985;1958;11.2;13.2
1620;3;1958;1930;-10.6;3.2
1621;3;1930;1959;-9.3;12.0
1622;3;1959;1970;6.0;17.7
1623;3;1970;1941;1.2;17.0
1624;3;1941;1911;4.9;12.5
1625;3;1911;1881;6.1;21.2
1626;3;1881;1849;-13.3;38.2
1627;3;1849;1821;-5.7;14.9
1628;3;1821;1793;8.1;6.0
1629;3;1793;1764;13.4;3.6
1630;3;1764;1733;1.3;11.7
1631;3;1733;1701;-2.8;49.0
1632;3;1701;1670;9.8;27.8
1633;3;1670;1702;-2.6;19.9
1634;3;1702;1734;-9.9;19.0
1635;3;1734;1765;10.4;42.0
1636;3;1765;1794;-10.1;10.3
1637;3;1794;1819;0.6;12.0
1638;3;1819;1791;-1.3;18.0
1639;3;1791;1762;12.0;33.3
1640;3;1762;1731;6.9;13.6
1641;3;1731;1699;-13.3;12.8
1642;3;1699;1668;6.0;9.9
1643;3;1668;1635;-13.8;9.5
1644;3;1635;1600;8.9;15.3
1645;3;1600;1565;-3.6;44.8
1646;3;1565;1529;9.6;29.0
1647;3;1529;1491;6.7;30.4
1648;3;1491;1452;-12.8;20.2
1649;3;1452;1418;-1.0;23.1
1650;3;1418;1378;10.1;32.2
1651;3;1378;1339;6.7;47.5
1652;3;1339;1299;-2.8;47.2
1653;3;1299;1258;-11.4;16.1
1654;3;1258;1221;-12.6;8.9
1655;3;1221;1259;4.3;11.7
1656;3;1259;1300;3.7;31.8
1657;3;1300;1340;-2.4;21.4
1658;3;1340;1379;14.4;35.3
1659;3;1379;1412;-3.4;31.4
1660;3;1412;1374;1.8;15.7
1661;3;1374;1335;-9.2;19.4
1662;3;1335;1295;0.1;29.7
1663;3;1295;1256;12.9;15.5
1664;3;1256;1219;13.4;8.1
1665;3;2215;2192;-8.2;2.8
1666;3;2192;2216;5.5;12.0
1667;3;2216;2240;3.0;14.2
1668;3;2240;2242;-12.9;29.0
1669;2;2242;2264;0.8;21.9
1670;2;2264;2286;3.8;5.8
1671;2;2286;2303;7.9;4.1
1672;2;2303;2318;-9.6;3.2
1673;1;198;209;-1.6;16.0
1674;1;209;222;-1.3;28.3
1675;1;222;235;9.3;30.4
1676;1;235;248;-1.9;46.0
1677;1;248;261;-1.1;60.3
1678;1;261;273;-12.5;73.1
1679;1;273;285;0.4;37.1
1680;1;285;298;-8.7;19.9
1681;1;298;313;-14.4;22.1
1682;1;313;328;12.3;18.0
1683;1;328;343;-6.1;7.0
1684;1;343;359;10.2;56.0
1685;2;2070;2092;12.2;65.3
1686;2;2092;2113;-5.3;8.0
1687;2;2113;2135;7.5;11.7
1688;2;2135;2156;9.9;9.5
1689;2;2156;2178;3.4;13.6
1690;2;2178;2201;-0.5;19.2
1691;2;2201;2226;-7.2;23.3
1692;2;2226;2249;13.9;58.6
1693;2;2249;2271;-8.1;41.2
1694;2;2271;2292;-6.8;35.5
1695;2;2292;2308;7.5;65.9
1696;2;2308;2323;0.4;42.5
1697;2;2323;2336;-1.7;38.3
1698;2;2336;2350;-11.7;83.4
1699;2;2350;2364;8.2;48.5
1700;2;2364;2378;-8.6;37.1
1701;2;2378;2394;-2.0;59.9
1702;2;2394;2410;-7.1;43.9
1703;2;2410;2427;12.7;41.1
1704;2;2427;2446;2.4;40.7
1705;2;2446;2467;-13.2;37.6
1706;2;2467;2482;0.8;25.3
1707;4;1920;1949;4.8;22.8
1708;4;1949;1978;-13.4;20.8
1709;4;1978;2001;-3.3;29.7
1710;4;2001;2023;10.7;26.6
1711;4;2023;2046;-6.6;68.1
1712;4;2046;2070;-9.4;35.5
1713;3;38;44;14.7;23.7
1714;3;44;51;-11.0;74.8
1715;3;51;57;-11.2;13.0
1716;3;57;62;-2.4;10.3
1717;3;62;68;3.3;5.0
1718;3;68;75;3.0;9.5
1719;3;75;82;12.9;16.5
1720;3;82;90;13.7;20.0
1721;3;90;97;-11.6;9.5
1722;3;97;104;-13.6;30.0
1723;3;104;111;-0.4;58.9
1724;3;111;113;-4.1;27.6
1725;3;113;120;-0.6;38.9
1726;3;120;128;-8.1;54.1
1727;3;128;137;4.5;33.4
1728;3;137;146;9.4;43.4
1729;3;146;157;-11.1;20.8
1730;3;157;167;-0.4;14.2
1731;3;167;177;10.8;24.8
1732;3;177;188;8.2;24.2
1733;3;188;198;-2.7;23.8
1734;2;38;45;-14.3;20.6
1735;2;45;52;8.4;44.3
1736;2;52;58;4.6;43.4
1737;2;58;63;9.8;34.9
1738;2;63;69;9.2;45.3
1739;2;69;76;8.0;22.5
1740;2;76;83;-3.4;34.7
1741;2;83;91;7.3;44.3
1742;2;91;98;-14.3;26.0
1743;2;98;105;-11.7;42.4
1744;2;105;112;7.4;31.1
1745;2;112;118;10.8;44.7
1746;2;118;126;9.6;21.0
1747;2;126;135;4.3;39.8
1748;2;135;144;-4.2;8.9
1749;2;144;153;-15.0;26.1
1750;2;153;164;-10.3;29.7
1751;2;164;174;1.7;71.2
1752;3;2157;2179;9.9;42.0
1753;3;2179;2202;9.2;47.8
1754;3;2202;2227;2.7;47.9
1755;3;2227;2250;-14.8;77.5
1756;3;2250;2272;2.8;111.9
1757;3;2272;2293;-2.5;55.3
1758;3;2293;2309;6.9;46.1
1759;3;2309;2324;-8.1;22.2
1760;3;2324;2337;8.3;12.0
1761;3;2337;2351;1.9;19.4
1762;3;2351;2365;7.6;12.0
1763;3;2365;2379;-6.2;13.6
1764;3;2379;2395;8.6;21.5
1765;3;2395;2411;5.8;5.7
1766;5;198;210;-11.1;24.0
1767;5;210;223;-11.8;28.6
1768;5;223;236;-5.5;23.1
1769;5;236;249;13.9;68.0
1770;5;249;262;-7.3;51.8
1771;5;262;258;-9.6;64.1
1772;5;258;245;8.9;49.0
1773;5;245;233;10.5;39.0
1774;5;233;219;8.7;16.0
1775;5;219;206;0.7;32.1
1776;5;206;196;9.9;58.7
1777;5;196;207;-13.3;26.9
1778;5;207;220;5.0;53.9
1779;5;220;217;-3.3;35.1
1780;5;217;204;-3.2;17.5
1781;5;204;194;6.2;63.8
1782;5;194;184;11.2;64.6
1783;5;184;174;10.7;72.7
1784;3;2411;2428;8.3;3.0
1785;5;174;185;-8.7;27.2
1786;5;185;195;-9.8;37.1
1787;5;195;205;-10.3;49.6
1788;5;205;218;-3.0;89.4
1789;5;218;232;-10.5;21.6
1790;5;232;244;-6.0;42.2
1791;5;244;257;14.5;25.6
1792;5;257;270;10.8;10.8
1793;5;270;282;5.6;32.4
1794;5;282;295;-4.3;32.6
1795;5;295;310;-12.5;30.1
1796;5;310;325;-10.5;21.5
1797;5;325;340;-3.7;40.3
1798;5;340;356;1.5;64.4
1799;5;356;369;-3.0;62.3
1800;5;369;384;3.2;27.1
1801;5;384;400;9.3;38.9
1802;2;2070;2093;-9.7;36.7
1803;2;2093;2114;-6.7;72.8
1804;2;2114;2136;-1.2;69.6
1805;2;2136;2157;-1.3;65.3
1806;1;1208;1168;-2.3;53.8
1807;1;1168;1127;-9.3;30.5
1808;1;1127;1089;10.4;23.2
1809;1;1089;1056;6.6;40.4
1810;1;1056;1023;10.7;11.2
1811;1;1023;994;-4.1;10.0
1812;1;994;966;-1.2;8.9
1813;1;966;938;-12.5;12.7
1814;1;938;910;11.7;4.5
1815;1;910;885;-10.6;9.8
1816;1;885;857;-1.3;55.4
1817;1;857;828;-12.7;41.8
1818;1;828;802;3.3;63.5
1819;1;802;776;0.9;28.2
1820;1;776;750;-11.6;65.8
1821;1;750;723;-6.2;66.0
1822;1;723;697;9.2;80.3
1823;1;697;672;-13.8;58.5
1824;1;672;648;-7.2;55.6
1825;1;648;623;-2.3;37.0
1826;1;623;597;1.7;22.0
1827;1;597;572;-8.7;21.1
1828;1;572;548;-4.3;21.3
1829;1;548;520;4.5;27.2
1830;1;520;498;-2.7;47.5
1831;1;498;477;13.5;65.3
1832;1;477;458;-2.3;37.5
1833;1;458;437;-9.5;47.3
1834;1;437;418;-13.4;31.9
1835;1;418;402;9.1;31.4
1836;1;402;386;3.1;55.3
1837;1;386;371;-9.4;47.0
1838;1;371;358;-2.4;50.2
1839;1;358;372;9.4;77.1
1840;1;372;387;11.7;20.0
1841;1;387;403;13.4;51.2
1842;1;403;419;-6.6;12.8
1843;1;419;438;11.5;7.8
1844;1;438;459;-10.0;10.0
1845;1;459;478;-1.9;21.1
1846;1;478;499;6.2;27.9
1847;1;499;521;-9.1;40.0
1848;1;521;549;12.7;69.6
1849;1;549;573;-13.0;18.7
1850;1;573;598;-11.5;17.0
1851;1;598;624;14.8;16.4
1852;1;624;599;1.2;17.7
1853;1;599;574;-12.3;56.9
1854;1;574;550;10.0;71.6
1855;1;550;522;-7.6;43.2
1856;1;522;500;10.6;43.3
1857;1;500;479;1.1;17.7
1858;1;479;461;-3.6;18.4
1859;1;461;440;8.4;8.6
1860;1;440;421;4.7;19.8
1861;1;421;405;-5.3;20.0
1862;1;405;389;-11.7;22.5
1863;1;389;374;1.5;20.6
1864;1;374;360;-6.6;22.1
1865;1;360;345;-4.4;31.8
1866;1;345;330;-11.7;48.8
1867;1;330;315;-14.0;39.6
1868;1;315;299;-14.7;29.7
1869;1;299;286;2.9;29.0
1870;1;286;274;-10.6;16.3
1871;1;274;263;9.8;13.4
1872;1;263;250;2.5;28.2
1873;1;250;237;-1.4;18.0
1874;1;237;224;8.0;36.3
1875;1;224;211;-0.3;38.8
1876;1;211;199;3.9;18.8
1877;3;423;406;3.3;29.6
1878;3;406;390;-12.8;22.0
1879;3;390;375;-1.5;42.8
1880;3;375;361;-4.9;61.0
1881;3;361;347;10.3;14.9
1882;3;347;331;-1.9;59.1
1883;3;331;316;8.2;29.8
1884;3;316;300;-6.8;67.2
1885;3;300;287;2.2;10.8
1886;3;287;275;9.9;13.4
1887;3;275;264;-8.8;18.4
1888;3;264;251;-10.0;29.6
1889;3;251;238;1.2;19.4
1890;3;238;225;-6.6;24.7
1891;3;225;212;-4.0;16.6
1892;3;212;199;-7.8;25.5
1893;3;199;189;-2.3;45.3
1894;3;189;178;7.8;32.3
1895;3;178;168;10.5;12.1
1896;3;168;158;-7.9;34.8
1897;3;158;147;13.4;31.4
1898;3;147;138;-8.1;23.1
1899;3;138;129;-3.8;18.2
1900;3;129;121;5.7;30.7
1901;3;121;114;13.6;52.0
1902;3;114;107;14.5;33.5
1903;3;107;100;-8.2;17.1
1904;3;100;93;14.7;9.2
1905;3;93;85;14.0;16.2
1906;3;85;77;-11.7;20.5
1907;3;77;70;-5.1;31.3
1908;3;70;64;-9.1;55.0
1909;3;64;59;12.3;24.2
1910;3;59;53;-5.9;19.2
1911;3;53;46;7.1;32.6
1912;3;46;39;-12.7;37.7
1913;3;39;33;-7.2;55.9
1914;3;33;27;-1.9;73.7
1915;3;27;22;-14.6;64.1
1916;3;22;18;-5.7;6.1
1917;3;18;14;7.0;28.6
1918;3;14;10;7.8;14.6
1919;3;10;6;-9.6;22.0
1920;3;6;3;-2.4;11.7
1921;3;3;1;11.3;21.9
1922;3;1;0;-8.5;5.4
1923;3;0;2;5.1;20.6
1924;3;2;5;14.1;53.2
1925;3;5;8;-9.6;22.7
1926;3;8;12;12.3;24.2
1927;3;12;16;10.6;22.8
1928;3;16;20;-13.7;19.2
1929;3;20;25;-9.6;31.6
1930;3;25;32;-5.6;49.7
1931;3;32;38;-5.4;12.5
1932;3;3219;3224;-7.7;13.5
1933;3;3224;3209;-8.8;21.3
1934;3;3209;3195;3.1;5.8
1935;3;3195;3180;-0.6;4.5
1936;3;3180;3168;11.5;4.1
1937;3;3168;3155;-6.8;10.0
1938;3;3155;3142;2.8;12.0
1939;3;3142;3128;4.5;11.4
1940;3;3128;3114;-1.3;21.5
1941;3;3114;3101;12.6;17.1
1942;3;3101;3089;-8.3;33.6
1943;3;3089;3078;6.7;9.8
1944;3;3078;3090;-9.0;24.3
1945;3;3090;3102;8.3;17.1
1946;3;3102;3115;-8.0;18.0
1947;3;3115;3129;0.1;15.5
1948;3;3129;3143;4.8;75.5
1949;3;3143;3156;-1.2;46.4
1950;3;3156;3169;12.2;42.4
1951;3;3169;3181;-8.0;20.6
1952;3;3181;3196;-5.4;40.0
1953;3;3196;3210;7.6;73.7
1954;3;3210;3225;9.8;39.2
1955;3;3225;3240;-2.3;14.3
1956;3;3240;3251;-8.4;18.4
1957;3;3251;3261;-1.1;17.5
1958;3;3261;3271;-7.9;20.8
1959;3;3271;3281;-8.7;13.6
1960;3;3281;3291;11.5;35.7
1961;3;3291;3302;-14.4;26.2
1962;3;3302;3312;8.2;15.3
1963;3;3312;3321;-3.6;11.4
1964;3;3321;3331;-11.6;14.0
1965;3;3314;3324;-13.0;8.5
1966;3;3324;3333;13.9;15.2
1967;3;3333;3342;-9.2;50.1
1968;3;3342;3352;8.3;10.6
1969;3;1428;1389;-11.5;57.2
1970;3;1389;1351;10.1;25.9
1971;3;1351;1309;-1.0;33.9
1972;3;1309;1268;-5.7;26.1
1973;3;1268;1230;2.2;11.4
1974;3;1230;1193;-2.1;17.9
1975;3;486;507;3.2;9.1
1976;3;507;531;7.4;6.1
1977;3;531;559;-0.6;8.0
1978;3;559;583;10.5;19.0
1979;3;583;608;-13.4;124.3
1980;3;608;634;2.6;43.8
1981;3;634;659;-7.0;13.6
1982;3;659;684;-5.9;19.0
1983;3;684;710;13.5;21.5
1984;3;710;737;-6.9;26.2
1985;3;737;764;0.4;22.0
1986;3;764;790;2.6;21.5
1987;3;790;816;-12.6;12.1
1988;3;816;844;-2.9;63.0
1989;3;844;873;6.4;87.3
1990;3;873;900;0.6;12.4
1991;3;900;928;-11.5;134.4
1992;3;928;956;9.3;27.0
1993;3;956;984;12.6;31.9
1994;3;984;1013;6.7;32.3
1995;3;1013;1043;11.4;32.2
1996;3;1043;1075;-12.4;42.2
1997;3;212;226;14.8;24.0
1998;3;226;239;2.1;31.6
1999;3;239;252;12.2;47.0
2000;3;252;265;-11.1;22.5
2001;3;265;277;-8.2;30.0
2002;3;277;289;-13.6;52.8
2003;3;289;302;13.9;75.0
2004;3;302;318;14.9;53.4
2005;3;318;333;-8.0;26.4
2006;3;333;349;10.7;23.9
2007;3;349;363;11.9;28.2
2008;3;363;377;-13.7;37.5
2009;3;377;392;11.2;32.1
2010;3;392;408;-10.5;24.0
2011;3;408;425;-6.2;43.2
2012;3;425;445;9.8;23.5
2013;3;445;467;2.8;25.1
2014;3;467;487;-2.2;19.1
2015;3;487;508;0.9;26.9
2016;3;508;533;-8.5;7.1
2017;3;533;562;7.1;12.0
2018;3;562;587;-1.3;15.1
2019;3;587;612;-11.5;27.6
2020;3;612;638;6.0;45.3
2021;3;638;663;0.5;41.9
2022;3;663;688;2.7;53.5
2023;3;688;714;-11.6;36.4
2024;3;714;741;-2.9;18.8
2025;3;741;768;-1.1;18.6
2026;3;768;794;8.9;38.6
2027;3;794;820;11.7;31.9
2028;3;820;848;-5.1;40.6
2029;3;848;876;11.9;34.7
2030;3;876;903;-0.1;43.0
2031;3;903;931;7.6;31.3
2032;3;931;959;-3.1;56.9
2033;3;959;987;-5.4;45.5
2034;3;987;1016;-6.3;38.1
2035;3;1016;1047;2.9;13.0
2036;3;1047;1080;-3.7;41.3
2037;3;1080;1118;-3.1;51.9
2038;3;1118;1158;-8.5;48.8
2039;3;1158;1198;3.4;60.5
2040;3;1198;1234;-14.9;37.2
2041;3;1234;1272;-7.6;73.9
2042;3;1272;1313;-1.9;12.4
2043;3;1313;1355;1.1;3.2
2044;2;820;849;13.7;17.5
2045;2;849;877;1.3;13.6
2046;2;877;904;5.4;11.2
2047;2;904;932;11.8;9.1
2048;2;932;960;-5.0;12.8
2049;2;960;988;12.0;36.2
2050;2;988;1017;-0.4;20.4
2051;2;1017;1049;11.0;27.9
2052;2;1049;1082;-6.6;34.2
2053;2;1082;1120;8.4;51.2
2054;2;1120;1160;9.7;35.1
2055;2;1160;1200;-4.7;21.6
2056;2;1200;1236;-14.5;24.5
2057;2;1236;1274;-11.4;30.8
2058;2;1274;1315;-8.3;14.3
2059;2;1315;1346;10.5;26.0
2060;2;1346;1305;-1.7;18.1
2061;2;1305;1347;13.0;19.4
2062;2;1347;1385;-9.1;12.2
2063;2;1385;1424;-5.3;17.5
2064;2;1424;1459;14.8;30.0
2065;2;1459;1498;-3.6;41.3
2066;2;1498;1535;-1.1;45.2
2067;2;1535;1571;14.6;22.8
2068;2;1571;1606;-5.3;19.2
2069;2;1606;1641;-7.7;29.0
2070;2;1641;1674;-8.3;30.4
2071;2;1674;1706;10.7;22.2
2072;2;1706;1738;-10.7;11.0
2073;2;1738;1769;-8.8;13.9
2074;2;1769;1798;-3.0;16.4
2075;2;1798;1825;7.7;7.6
2076;2;1825;1853;0.8;21.9
2077;2;1853;1885;-14.7;41.6
2078;2;1885;1915;-11.2;39.6
2079;2;1915;1945;7.7;57.2
2080;2;1945;1974;10.1;120.4
2081;3;113;106;9.4;22.1
2082;3;106;99;3.6;72.2
2083;3;99;92;-9.4;33.1
2084;3;92;84;0.0;42.6
2085;3;84;76;2.4;113.0
2086;4;2111;2090;-8.1;18.2
2087;4;2090;2068;-13.6;4.5
2088;4;2068;2044;14.9;3.2
2089;4;2044;2021;6.4;4.1
2090;4;2021;1999;8.1;20.4
2091;4;1999;1976;12.9;18.0
2092;4;1976;1947;1.3;14.3
2093;4;1947;1918;-5.2;20.6
2094;4;1918;1888;12.6;24.2
2095;4;1888;1857;14.2;29.0
2096;4;1857;1827;-3.5;27.8
2097;4;1827;1800;-2.0;15.1
2098;4;1800;1771;3.0;7.6
2099;4;1771;1740;5.9;36.2
2100;4;1740;1708;-4.6;7.1
2101;4;1708;1676;0.4;29.0
2102;4;1676;1643;-5.5;6.1
2103;4;1643;1608;1.8;7.3
2104;4;1608;1575;-14.9;19.6
2105;4;1575;1541;5.6;20.0
2106;4;1541;1505;-6.8;7.1
2107;4;1505;1467;-11.8;0.0
2108;4;1467;1433;3.7;1.0
2109;4;1433;1395;-3.9;1.4
2110;4;1395;1356;-8.3;1.0
2111;4;1356;1314;10.2;1.4
2112;4;1314;1273;-8.5;3.6
2113;4;1273;1235;-0.9;1.0
2114;4;1235;1199;-11.5;1.0
2115;4;1199;1159;-0.0;0.0
2116;4;1159;1119;11.2;3.2
2117;4;1119;1081;6.6;0.0
2118;4;1081;1048;1.9;1.0
2119;4;1048;1016;13.1;2.2
2120;3;1306;1265;-8.8;9.5
2121;3;559;584;-11.9;18.7
2122;3;584;609;10.4;14.6
2123;3;609;635;11.7;16.5
2124;3;635;660;2.6;19.2
2125;3;660;685;-10.8;10.0
2126;3;685;711;-1.7;9.0
2127;3;711;738;1.4;9.1
2128;3;738;765;-7.8;15.8
2129;3;765;791;-12.7;15.3
2130;3;791;817;-12.6;12.8
2131;3;817;845;5.9;12.1
2132;3;532;560;5.7;19.1
2133;3;560;585;-14.4;7.3
2134;3;585;610;-8.2;6.3
2135;3;610;636;-12.9;10.3
2136;3;636;661;12.6;24.0
2137;3;661;686;-5.2;11.3
2138;3;686;712;2.9;12.5
2139;3;712;739;3.6;12.8
2140;3;739;766;-13.5;9.9
2141;3;766;792;-1.9;11.7
2142;3;792;818;10.9;7.3
2143;3;818;846;4.4;9.8
2144;3;846;874;4.0;5.8
2145;3;874;902;13.5;11.4
2146;3;902;930;-1.1;11.7
2147;3;930;958;-5.3;14.8
2148;3;958;986;1.7;9.9
2149;3;986;1015;-7.8;8.5
2150;3;507;532;7.9;13.0
2151;3;532;561;-8.4;13.3
2152;3;561;586;11.3;11.0
2153;3;586;611;-11.6;15.3
2154;3;611;637;2.0;7.1
2155;3;637;662;-2.5;14.0
2156;3;662;687;0.2;10.0
2157;3;687;713;13.6;6.3
2158;3;713;740;-7.4;9.8
2159;3;740;767;8.6;6.4
2160;3;767;793;14.2;8.6
2161;3;793;819;13.2;8.9
2162;3;819;847;8.9;10.6
2163;3;847;875;-4.5;10.0
2164;3;873;901;4.6;26.5
2165;3;901;929;12.1;93.6
2166;3;929;957;9.3;34.0
2167;3;957;985;7.2;19.0
2168;3;985;1014;-5.6;35.5
2169;3;1014;1044;10.9;39.1
2170;3;1044;1076;-8.6;33.0
2171;3;461;480;11.1;11.4
2172;3;480;501;8.0;39.3
2173;3;501;523;-3.3;25.7
2174;3;523;551;9.8;25.3
2175;3;505;528;13.0;19.4
2176;3;528;556;3.4;121.0
2177;3;556;580;13.0;119.5
2178;3;580;605;6.0;123.5
2179;3;605;630;13.3;41.6
2180;3;264;276;-6.6;14.9
2181;3;679;705;10.9;15.0
2182;3;705;732;9.0;66.0
2183;3;732;759;-5.9;95.2
2184;3;759;785;1.9;17.0
2185;3;785;811;3.7;23.4
2186;3;811;837;-10.8;44.6
2187;3;837;867;-5.8;59.8
2188;3;867;894;8.9;45.3
2189;3;894;921;7.1;8.5
2190;3;921;950;7.4;44.6
2191;3;950;978;1.0;7.6
2192;3;978;1006;-3.6;16.6
2193;3;1006;1036;-8.0;13.9
2194;3;1036;1068;8.9;12.0
2195;3;1068;1102;11.7;21.6
2196;3;1102;1142;11.1;31.6
2197;3;1142;1182;3.5;40.5
2198;3;1182;1219;9.9;9.5
2199;3;1219;1257;5.8;13.9
2200;3;1257;1298;-14.1;27.0
2201;3;1298;1338;-12.4;35.2
2202;3;1338;1377;14.6;21.1
2203;3;292;306;8.3;25.3
2204;1;395;412;-1.9;20.6
2205;1;412;430;2.1;32.8
2206;3;427;410;-14.0;13.6
2207;3;410;412;10.0;22.5
2208;3;378;394;-7.4;26.5
2209;3;394;410;-6.3;13.0
2210;3;410;428;13.0;16.5
2211;3;428;449;1.2;51.6
2212;3;450;470;-5.6;30.8
2213;3;470;491;8.3;11.4
2214;3;490;469;1.8;9.2
2215;3;1095;1135;8.9;8.1
2216;3;1135;1176;-1.3;16.2
2217;3;1176;1214;-11.1;29.2
2218;3;1214;1251;-13.9;46.0
2219;3;1251;1290;10.8;29.7
2220;3;1290;1330;12.5;21.6
2221;3;1330;1369;9.9;20.6
2222;3;1369;1407;-12.2;21.0
2223;3;1407;1443;11.6;32.7
2224;3;1443;1478;-14.1;15.5
2225;3;1478;1516;7.3;7.3
2226;3;1516;1552;4.8;12.1
2227;3;1552;1588;4.7;13.0
2228;3;1588;1622;7.9;10.0
2229;3;1622;1644;-3.1;4.1
2230;3;1644;1609;-9.0;7.6
2231;3;1609;1576;8.8;49.7
2232;3;1576;1542;10.2;21.6
2233;3;1542;1506;12.3;15.0
2234;3;1506;1468;-5.9;29.1
2235;3;1468;1434;-3.7;32.0
2236;3;1434;1396;-7.3;66.2
2237;3;1396;1357;-2.2;53.8
2238;3;1357;1316;-2.1;25.0
2239;3;1316;1275;-7.8;8.5
2240;3;1275;1237;-1.1;8.2
2241;3;1237;1201;-8.9;21.1
2242;3;1201;1161;-7.8;17.0
2243;3;1161;1121;-5.5;12.2
2244;3;1121;1083;3.4;6.7
2245;3;1083;1050;14.4;6.4
2246;3;1050;1018;13.7;7.1
2247;3;1018;989;5.7;28.5
2248;3;989;961;-14.2;22.8
2249;3;961;933;-11.6;6.3
2250;3;933;905;2.3;13.9
2251;3;905;878;-8.6;13.9
2252;3;878;850;-2.1;13.0
2253;3;850;821;-5.4;12.6
2254;3;821;795;-6.6;16.0
2255;3;795;769;-7.8;11.2
2256;3;769;742;13.6;30.1
2257;3;742;715;1.9;32.9
2258;3;715;689;3.1;8.0
2259;3;689;664;13.9;19.1
2260;3;664;640;14.5;30.0
2261;3;640;616;7.3;10.0
2262;3;616;591;1.2;40.0
2263;3;591;566;-11.6;28.0
2264;3;566;541;-1.3;32.1
2265;3;541;515;-13.1;10.0
2266;3;515;494;-12.2;27.0
2267;3;494;473;6.8;17.0
2268;3;473;453;-7.6;17.7
2269;3;453;432;-10.7;18.9
2270;3;432;414;13.0;14.9
2271;3;414;397;11.5;13.4
2272;3;397;381;-1.4;20.6
2273;3;381;366;-14.5;12.2
2274;3;366;353;-12.6;14.0
2275;3;353;337;-11.0;17.0
2276;3;337;322;-1.5;16.0
2277;3;322;307;11.7;15.0
2278;3;307;292;-14.0;27.3
2279;3;292;279;-11.9;38.3
2280;3;279;267;-0.9;10.0
2281;3;267;254;-0.5;9.0
2282;3;254;241;-0.1;13.0
2283;3;241;228;11.4;15.8
2284;3;228;214;-3.5;34.1
2285;3;214;201;2.2;70.4
2286;3;201;191;3.3;34.7
2287;3;191;180;-10.0;15.0
2288;3;180;170;-5.8;11.2
2289;3;170;160;3.1;8.1
2290;3;160;149;-9.2;4.5
2291;3;149;141;5.4;6.7
2292;3;141;132;14.2;8.6
2293;3;132;123;0.2;38.5
2294;3;123;116;-1.6;10.2
2295;3;116;109;7.8;12.2
2296;3;109;102;-1.9;13.9
2297;3;102;95;-0.3;10.6
2298;3;95;87;-3.5;11.7
2299;3;87;79;0.9;16.5
2300;3;79;72;-9.8;17.3
2301;3;72;66;6.1;9.1
2302;3;66;61;13.6;1.4
2303;3;61;67;-13.7;2.2
2304;3;67;73;-13.6;5.8
2305;3;73;80;-4.3;29.6
2306;3;80;88;6.5;32.0
2307;1;536;537;11.9;13.3
2308;1;537;510;5.2;19.6
2309;1;510;489;3.4;5.4
2310;1;489;511;7.5;8.5
2311;1;511;535;12.8;30.1
2312;1;535;509;12.1;11.2
2313;1;509;536;-1.2;2.0
2314;1;588;565;12.4;36.8
2315;1;565;589;-9.2;2.2
2316;1;589;614;10.2;21.4
2317;1;614;613;9.1;32.7
2318;1;613;588;-4.0;20.2
2319;1;512;539;-1.9;2.2
2320;1;539;565;-6.0;26.2
2321;1;565;590;1.6;2.8
2322;1;590;615;-13.1;8.6
2323;1;615;639;5.1;31.4
2324;5;2944;2952;-6.1;4.1
2325;5;2952;2963;-6.7;2.8
2326;5;2963;2974;5.3;19.1
2327;5;2974;2986;14.7;23.2
2328;5;2986;2998;7.0;50.8
2329;5;2998;3008;-8.3;20.9
2330;5;3008;3018;-12.7;18.6
2331;5;3018;3028;-9.4;21.0
2332;5;3028;3038;4.2;20.6
2333;5;3038;3048;-13.9;17.7
2334;5;3048;3062;11.4;31.1
2335;5;3062;3050;2.2;54.2
2336;5;3050;3040;-12.7;19.4
2337;4;3184;3199;2.3;47.0
2338;4;3199;3213;8.6;98.0
2339;4;3213;3229;-5.9;13.0
2340;4;3229;3242;12.7;13.6
2341;4;3242;3236;-13.2;11.7
2342;4;3236;3220;4.5;16.2
2343;4;3220;3205;-7.2;13.0
2344;4;3205;3191;4.2;7.1
2345;4;3191;3177;4.1;9.2
2346;4;3177;3164;12.5;3.2
2347;4;3164;3151;4.1;4.0
2348;4;3151;3138;-3.9;3.6
2349;4;3138;3124;15.0;4.2
2350;4;3124;3111;-8.1;9.5
2351;4;3111;3099;5.3;27.9
2352;4;3099;3087;-11.1;14.3
2353;2;2970;2983;-5.7;15.8
2354;2;2983;2995;10.2;91.2
2355;2;2995;3006;7.4;109.1
2356;2;3006;3016;6.1;24.7
2357;2;3016;3026;-14.6;14.6
2358;2;3026;3036;9.1;41.3
2359;2;3036;3046;-6.8;20.1
2360;2;3046;3059;-0.9;12.6
2361;2;3059;3072;-9.6;18.0
2362;2;3072;3083;14.6;19.0
2363;2;3083;3095;7.7;25.5
2364;2;3095;3107;12.3;140.9
2365;4;2944;2936;-6.0;22.8
2366;4;2936;2928;4.7;25.0
2367;4;2928;2920;-10.5;23.8
2368;4;2920;2911;-1.2;18.0
2369;4;2911;2902;9.3;19.9
2370;4;2902;2892;8.7;18.8
2371;4;2892;2882;10.3;23.4
2372;4;2882;2872;-4.3;13.2
2373;4;2872;2859;-6.5;82.8
2374;4;2859;2848;3.4;95.8
2375;4;2848;2837;1.6;33.4
2376;4;2837;2825;-3.8;73.0
2377;4;2825;2813;-12.3;129.5
2378;4;2813;2800;7.1;55.8
2379;4;2800;2786;2.2;29.5
2380;4;2786;2771;2.4;20.6
2381;4;2771;2758;13.5;52.0
2382;4;2758;2745;4.5;14.4
2383;4;2745;2732;1.1;13.0
2384;4;2732;2719;-7.8;14.0
2385;4;2719;2706;-11.0;11.4
2386;4;2706;2694;-7.8;16.4
2387;4;2694;2676;-3.0;78.9
2388;4;2676;2659;-11.4;71.1
2389;4;2659;2644;1.7;32.3
2390;4;2644;2629;8.6;19.7
2391;4;2629;2614;-5.9;20.0
2392;4;2614;2600;0.6;15.7
2393;5;2975;2964;5.3;39.2
2394;5;2964;2953;3.9;26.9
2395;5;2953;2944;9.5;68.0
2396;3;2975;2988;-3.4;138.9
2397;3;2988;3000;-5.7;104.2
2398;3;3000;3010;1.6;45.0
2399;3;3010;3020;0.3;55.0
2400;3;3020;3030;13.6;19.0
2401;3;3030;3040;-6.2;18.8
2402;3;3040;3051;-5.9;6.1
2403;3;834;864;-6.4;20.0
2404;3;864;891;13.7;19.8
2405;3;891;916;6.5;26.4
2406;3;916;945;-9.4;26.4
2407;3;945;923;-13.4;12.6
2408;3;923;895;11.1;25.0
2409;3;895;868;-7.6;31.0
2410;3;868;839;14.7;33.1
2411;3;839;812;-13.9;15.3
2412;3;812;840;-8.9;27.0
2413;3;840;869;-9.6;34.4
2414;3;869;896;7.3;30.4
2415;3;896;924;12.6;53.0
2416;3;924;952;-1.5;45.7
2417;3;952;980;-9.9;26.9
2418;3;980;1009;0.8;32.6
2419;3;1009;1039;-4.9;88.3
2420;3;1039;1071;-1.6;38.9
2421;3;1071;1105;-14.8;13.0
2422;3;1105;1146;-13.7;15.5
2423;3;1146;1186;3.9;14.4
2424;3;1186;1223;-14.1;23.3
2425;3;1223;1261;-1.1;25.2
2426;3;1261;1302;-10.0;10.0
2427;3;1302;1342;-14.1;4.2
2428;3;1342;1381;7.2;6.4
2429;3;1381;1420;11.5;5.8
2430;3;1420;1455;-14.4;6.3
2431;3;1455;1494;0.3;5.1
2432;3;1494;1527;-1.7;12.0
2433;3;1527;1563;-8.1;24.0
2434;3;1563;1599;-10.9;24.2
2435;3;1599;1564;8.8;17.8
2436;3;1564;1528;12.6;21.6
2437;3;1528;1490;8.5;21.5
2438;3;1490;1451;1.8;21.3
2439;3;1451;1416;-5.9;23.6
2440;3;1416;1377;3.7;39.4
2441;3;1377;1417;-13.2;16.1
2442;3;1417;1449;11.2;39.8
2443;3;1449;1414;-12.4;23.9
2444;3;1414;1375;2.0;17.2
2445;3;1448;1487;7.5;29.0
2446;3;1487;1525;-5.1;20.6
2447;3;1525;1561;-1.9;9.8
2448;3;1302;1343;-6.0;4.5
2449;3;1343;1382;1.1;9.0
2450;3;1382;1421;-2.1;9.5
2451;3;1421;1456;13.2;32.4
2452;3;1456;1495;-12.6;28.3
2453;3;1495;1532;12.5;7.1
2454;3;1532;1568;12.3;10.4
2455;3;1568;1603;-10.3;24.3
2456;3;1603;1638;-10.9;13.6
2457;3;1638;1671;1.5;9.2
2458;3;1671;1703;-2.5;6.7
2459;3;1703;1735;-4.7;10.8
2460;3;1735;1766;-11.9;37.5
2461;3;1766;1795;1.0;13.0
2462;3;1795;1822;-4.2;46.1
2463;3;1822;1850;14.5;17.5
2464;3;1850;1882;-3.2;35.5
2465;3;1882;1912;-2.6;20.2
2466;3;1912;1942;3.2;26.9
2467;3;1942;1971;-9.1;19.2
2468;3;1971;1995;6.9;30.5
2469;3;1995;2019;-9.3;26.6
2470;3;2019;2043;-14.4;26.0
2471;3;2043;2067;13.5;11.4
2472;3;2067;2089;13.9;30.7
2473;3;2089;2110;10.7;28.6
2474;3;2110;2133;-11.1;19.2
2475;3;2133;2154;11.4;25.5
2476;3;2154;2176;-2.6;43.4
2477;3;2176;2198;-5.8;55.2
2478;3;2198;2223;-9.2;59.6
2479;3;2223;2246;-0.1;43.3
2480;3;2246;2268;2.0;37.0
2481;3;2268;2289;8.9;8.5
2482;3;2289;2283;2.7;9.2
2483;3;2283;2260;9.1;13.4
2484;3;2260;2237;-6.2;22.5
2485;3;2237;2211;13.1;15.3
2486;3;2211;2188;0.7;13.9
2487;3;2188;2163;-8.3;25.7
2488;3;2163;2143;6.4;11.4
2489;3;2143;2121;-6.0;19.1
2490;3;1071;1106;1.8;14.1
2491;3;1106;1147;0.9;25.0
2492;3;1147;1187;1.9;48.1
2493;3;1187;1220;8.9;31.4
2494;3;1220;1183;11.6;37.1
2495;3;1183;1143;1.4;37.5
2496;3;1143;1102;7.3;72.5
2497;4;215;229;-9.5;112.0
2498;4;229;242;8.3;40.9
2499;4;242;255;-4.6;15.3
2500;4;255;268;11.9;47.1
2501;4;268;280;2.4;22.0
2502;4;280;293;1.7;11.3
2503;4;293;308;5.4;19.2
2504;4;308;323;0.1;41.9
2505;4;323;338;6.0;25.5
2506;4;338;354;9.9;24.8
2507;4;354;367;14.6;24.2
2508;4;367;382;-7.3;19.2
2509;4;382;398;0.2;17.5
2510;4;398;415;13.2;11.2
2511;4;415;433;7.7;53.7
2512;4;433;454;-9.4;72.9
2513;4;454;474;2.0;26.3
2514;4;474;495;-5.2;26.0
2515;4;495;517;-11.7;18.1
2516;4;517;545;8.1;16.6
2517;4;545;569;-11.0;30.6
2518;4;569;594;-6.3;54.6
2519;4;594;619;-4.6;52.4
2520;4;619;643;9.9;29.3
2521;4;643;667;0.5;21.6
2522;4;667;692;13.3;155.6
2523;4;692;718;8.1;38.9
2524;4;718;745;-10.9;91.8
2525;4;745;772;-8.8;51.3
2526;4;772;798;-2.9;17.2
2527;4;798;824;-2.4;28.6
2528;4;824;853;13.3;40.5
2529;4;215;230;14.7;95.7
2530;4;230;243;12.7;47.5
2531;4;243;256;0.4;14.0
2532;4;256;269;-11.6;3.6
2533;4;269;281;2.7;5.8
2534;4;281;294;-10.2;26.1
2535;4;294;309;-11.1;17.7
2536;4;309;324;3.3;75.3
2537;4;324;339;15.0;76.4
2538;4;339;355;-11.7;42.6
2539;4;355;368;2.3;46.4
2540;4;368;383;12.0;48.9
2541;4;383;399;-9.9;82.1
2542;4;399;416;10.9;85.0
2543;3;2490;2474;6.2;42.1
2544;3;2474;2457;-5.6;40.0
2545;3;2457;2436;-0.1;60.8
2546;3;2436;2418;9.9;17.9
2547;3;2418;2437;1.3;5.8
2548;3;2437;2458;12.7;10.6
2549;3;2458;2475;7.5;6.4
2550;3;2475;2491;11.4;44.4
2551;3;2491;2507;-4.2;26.5
2552;3;2507;2523;-9.1;7.3
2553;3;2523;2539;13.3;8.9
2554;3;2539;2554;0.5;7.0
2555;3;2554;2567;7.0;32.1
2556;3;2567;2580;7.6;12.4
2557;3;2580;2595;11.6;10.0
2558;3;2595;2609;4.7;6.4
2559;3;2609;2624;0.9;12.2
2560;3;2624;2639;-2.1;18.9
2561;3;2639;2654;-1.9;25.6
2562;3;2654;2670;3.7;36.1
2563;3;2670;2688;-12.2;40.3
2564;3;2688;2702;-11.5;40.4
2565;3;2702;2715;-11.6;103.2
2566;3;2715;2728;-11.5;55.2
2567;3;2728;2741;6.1;72.2
2568;3;2741;2754;-14.7;21.9
2569;3;2754;2767;4.0;5.4
2570;3;2767;2781;-3.9;8.6
2571;3;2781;2795;-14.1;18.0
2572;3;2795;2809;7.3;26.4
2573;3;2809;2822;-3.3;61.4
2574;3;2822;2834;1.2;25.8
2575;3;3518;3513;-8.7;3.6
2576;3;3513;3508;12.3;2.2
2577;3;3523;3518;-13.2;12.5
2578;2;1279;1242;-6.0;50.6
2579;2;1204;1242;3.0;24.7
2580;2;1242;1280;13.2;34.7
2581;2;1280;1320;6.8;12.5
2582;2;1320;1361;4.5;7.1
2583;2;1361;1399;-14.3;28.3
2584;2;1399;1360;-6.0;4.5
2585;2;1360;1319;-14.9;6.1
2586;2;1319;1279;0.5;51.7
2587;2;1279;1318;8.5;13.5
2588;2;1164;1123;-9.9;39.6
2589;3;3047;3061;6.8;11.4
2590;3;3061;3074;9.9;9.2
2591;3;3074;3085;-7.2;11.2
2592;3;3085;3097;7.7;11.7
2593;3;3097;3109;-0.3;8.9
2594;3;3109;3122;-4.2;19.1
2595;3;3122;3136;1.8;27.1
2596;3;3136;3149;3.3;12.2
2597;3;3149;3162;6.2;16.4
2598;3;3202;3216;-14.8;12.0
2599;3;3216;3232;4.6;30.4
2600;3;3234;3245;-14.3;27.0
2601;3;3245;3255;14.0;8.1
2602;3;3255;3265;-5.1;6.1
2603;3;3233;3217;0.6;14.4
2604;3;3217;3202;8.5;27.3
2605;3;3202;3188;-4.5;9.2
2606;3;3188;3174;8.8;18.0
2607;3;3174;3162;-11.8;20.2
2608;3;3162;3175;7.1;5.8
2609;3;3175;3189;2.3;22.2
2610;3;3189;3203;13.0;28.6
2611;3;3203;3218;5.0;63.4
2612;3;3218;3234;8.1;9.2
2613;3;3234;3246;8.5;23.4
2614;3;3246;3256;5.4;37.5
2615;3;3256;3266;-11.7;44.6
2616;3;3266;3275;-5.4;40.4
2617;3;3508;3503;-9.5;3.6
2618;3;3503;3498;-1.8;16.3
2619;3;3498;3493;11.0;25.0
2620;3;3493;3488;-13.5;18.0
2621;3;3488;3482;12.2;19.7
2622;3;3482;3477;1.2;11.2
2623;3;3477;3472;-10.2;12.0
2624;3;3472;3467;4.8;20.6
2625;3;3467;3462;11.8;29.7
2626;3;3462;3456;1.0;6.7
2627;3;3456;3449;-4.0;8.0
2628;3;3449;3443;4.8;6.7
2629;3;3443;3436;-3.0;10.6
2630;3;3436;3429;14.3;102.1
2631;3;3429;3422;-1.5;7.1
2632;3;3422;3414;-7.6;6.1
2633;3;3414;3405;11.6;16.6
2634;3;3405;3396;-6.5;76.2
2635;3;3396;3387;8.3;199.3
2636;3;3387;3377;1.1;61.6
2637;3;3377;3366;11.1;67.9
2638;3;3366;3355;-3.1;69.0
2639;3;3355;3345;-1.3;44.7
2640;3;3345;3336;-0.9;29.2
2641;3;3336;3328;8.3;55.6
2642;3;278;291;10.4;30.4
2643;3;291;304;-6.0;34.0
2644;3;304;320;-2.0;14.0
2645;3;320;335;-2.9;20.0
2646;3;335;351;-0.6;7.3
2647;3;351;364;-3.5;10.3
2648;3;122;115;11.0;36.1
2649;3;115;108;-6.5;10.8
2650;3;108;101;-4.1;36.1
2651;3;101;94;1.1;100.4
2652;3;94;86;13.4;18.0
2653;3;86;78;14.5;8.1
2654;3;78;71;11.2;47.0
2655;3;71;65;-10.9;6.7
2656;3;65;60;-7.9;12.0
2657;3;60;54;-0.1;11.4
2658;3;54;47;6.1;30.4
2659;3;47;40;-10.9;22.8
2660;3;40;34;10.9;25.8
2661;3;34;28;-2.3;6.7
2662;3;28;23;-3.9;2.0
2663;3;23;18;-13.5;10.2
2664;3;1597;1633;6.4;48.3
2665;3;1633;1666;11.7;33.0
2666;3;1666;1697;-5.9;149.8
2667;3;1697;1729;-14.8;37.0
2668;3;1729;1760;-1.0;44.1
2669;3;1101;1141;0.5;52.0
2670;3;1141;1181;-0.2;26.9
2671;3;1181;1218;4.7;24.1
2672;3;1218;1255;8.7;36.0
2673;3;1255;1294;6.2;20.1
2674;3;1294;1334;13.4;15.1
2675;3;1334;1373;-14.9;78.8
2676;3;1373;1411;13.4;21.9
2677;3;1411;1447;6.3;26.9
2678;3;1447;1483;-2.4;8.1
2679;3;1483;1521;5.3;47.5
2680;3;1521;1557;2.1;44.0
2681;5;1447;1484;11.6;13.9
2682;5;1484;1522;-11.0;29.5
2683;5;1522;1558;-7.7;61.1
2684;5;1558;1593;-5.6;2.2
2685;5;1593;1627;-11.8;2.2
2686;5;1627;1662;13.8;23.0
2687;5;1662;1694;2.3;1.0
2688;5;1694;1726;14.5;1.0
2689;5;1726;1757;14.2;2.0
2690;5;1757;1786;2.4;3.2
2691;5;1786;1814;-7.1;4.2
2692;5;1814;1843;4.6;7.1
2693;5;1843;1875;14.3;5.8
2694;3;1825;1854;-7.7;26.2
2695;3;1854;1886;-10.6;17.5
2696;3;1886;1916;3.9;11.7
2697;3;1596;1631;3.8;8.6
2698;3;1631;1598;2.8;11.0
2699;3;1598;1562;-7.5;16.1
2700;3;1562;1526;5.9;22.1
2701;3;1526;1488;-14.5;5.1
2702;3;1488;1448;2.0;4.0
2703;3;2358;2372;3.3;36.4
2704;3;2344;2358;1.2;6.4
2705;3;2236;2259;12.6;11.3
2706;3;2259;2282;5.3;21.2
2707;3;2282;2302;5.5;15.6
2708;3;2302;2317;1.3;13.9
2709;3;2317;2331;-2.0;30.7
2710;3;2331;2344;12.5;15.6
2711;3;2418;2402;-8.0;5.4
2712;3;2402;2386;2.7;11.4
2713;3;2386;2372;-14.9;10.0
2714;3;2372;2387;-14.3;17.3
2715;3;2387;2403;0.4;10.0
2716;3;2403;2419;-6.5;53.1
2717;3;2419;2438;-3.4;46.0
2718;3;2438;2459;-0.1;18.0
2719;3;2459;2460;-10.8;27.3
2720;3;2460;2439;-11.9;8.1
2721;3;2439;2420;-0.6;35.2
2722;3;2420;2404;7.4;37.5
2723;3;2404;2388;9.4;8.1
2724;3;2388;2373;8.4;13.0
2725;3;2373;2359;9.2;24.8
2726;3;2359;2345;-1.5;74.3
2727;3;2345;2332;3.0;59.5
2728;3;2332;2319;-6.7;32.2
2729;3;2319;2305;-2.7;36.4
2730;3;2305;2288;14.7;14.9
2731;3;2288;2267;-5.8;13.3
2732;3;2267;2245;-1.2;8.1
2733;3;2245;2222;-6.8;5.4
2734;3;2222;2197;-4.7;7.2
2735;3;2197;2175;-2.3;13.6
2736;3;2175;2153;2.2;5.0
2737;3;2153;2132;9.5;8.6
2738;3;2132;2109;2.6;14.0
2739;3;2109;2088;7.4;14.3
2740;3;2088;2066;-13.7;11.0
2741;3;2066;2042;-4.6;15.3
2742;3;2042;2018;5.5;14.9
2743;3;2018;1994;-5.7;20.0
2744;3;1994;1969;-2.1;22.4
2745;3;1969;1940;2.6;29.2
2746;3;1940;1910;10.7;25.1
2747;3;1910;1879;-4.8;21.0
2748;3;1879;1847;0.7;6.1
2749;3;1847;1818;3.0;11.2
2750;3;1818;1790;13.3;9.9
2751;3;1790;1761;3.6;17.5
2752;3;1761;1730;7.8;14.9
2753;3;1730;1698;1.0;16.3
2754;3;1698;1667;-1.4;18.1
2755;3;1667;1634;2.9;17.7
2756;3;1634;1597;-11.9;38.0
2757;3;1659;1691;4.4;58.1
2758;3;1691;1723;3.1;49.6
2759;3;1723;1755;14.2;62.3
2760;3;1755;1784;-5.3;111.5
2761;3;1784;1812;1.7;52.3
2762;3;1812;1840;2.4;23.6
2763;3;1840;1872;-10.7;39.1
2764;3;1872;1901;1.0;44.0
2765;3;1901;1931;-10.2;16.3
2766;3;1931;1960;-10.6;26.2
2767;3;1960;1986;-8.1;18.4
2768;3;1986;2010;-12.8;18.6
2769;3;2010;2031;-6.0;19.2
2770;3;2031;2054;13.2;11.4
2771;3;2054;2079;1.9;13.3
2772;3;2079;2102;11.8;28.8
2773;3;2102;2123;-3.1;21.9
2774;3;2123;2145;6.4;5.1
2775;3;2145;2165;4.3;16.6
2776;3;1444;1480;8.9;12.4
2777;3;1480;1518;-13.7;37.1
2778;3;1518;1554;-11.0;35.2
2779;3;1554;1590;-7.7;32.8
2780;3;1590;1624;-3.0;15.8
2781;3;1624;1659;7.6;16.6
2782;3;1419;1453;12.3;30.4
2783;3;1453;1492;2.9;10.4
2784;3;1492;1530;13.8;13.0
2785;3;1530;1566;0.0;15.0
2786;3;1566;1601;9.2;24.2
2787;3;1601;1636;5.4;10.4
2788;3;1636;1669;-7.9;5.0
2789;3;1669;1700;11.2;4.2
2790;3;1700;1732;5.1;5.7
2791;3;1732;1763;-3.7;6.1
2792;3;1763;1792;-10.2;9.1
2793;3;1792;1820;-0.9;7.0
2794;3;1820;1848;9.7;7.1
2795;3;1848;1880;5.9;18.8
2796;3;894;922;-9.5;14.0
2797;3;922;951;10.3;10.4
2798;3;951;979;5.1;5.8
2799;3;979;1008;-3.1;13.3
2800;3;1008;1038;5.5;14.9
2801;3;1038;1070;-11.8;19.0
2802;3;1070;1104;5.7;37.0
2803;3;1104;1145;-4.3;9.1
2804;3;1145;1185;-14.9;14.9
2805;3;1185;1222;-8.8;59.9
2806;3;1222;1260;11.7;8.2
2807;3;1260;1301;-14.3;6.0
2808;3;1301;1341;8.0;12.5
2809;3;1341;1380;-8.8;12.2
2810;3;1380;1419;-13.1;12.7
2811;3;1419;1454;-0.6;17.5
2812;3;1454;1493;-1.3;16.1
2813;3;1493;1531;14.3;29.0
2814;3;1531;1567;3.8;39.2
2815;3;1567;1602;2.6;25.6
2816;3;1602;1637;11.1;21.4
2817;3;1637;1670;-12.6;25.6
2818;3;1150;1190;-9.2;85.8
2819;3;1190;1226;-8.2;72.0
2820;3;1226;1264;-14.7;120.9
2821;3;1264;1305;11.5;37.5
2822;3;1988;2013;-3.6;18.0
2823;3;2013;2036;3.7;14.3
2824;3;2036;2060;1.6;7.6
2825;3;2060;2083;2.4;3.0
2826;3;2083;2106;14.7;3.2
2827;3;2106;2129;4.8;3.2
2828;3;2129;2150;0.1;5.1
2829;3;2150;2172;-14.5;7.1
2830;3;2214;2191;13.4;2.2
2831;3;2191;2172;-10.6;16.8
2832;3;2172;2194;-3.7;14.0
2833;3;2194;2219;2.4;9.2
2834;3;2219;2243;-12.6;20.0
2835;3;2243;2265;-13.7;38.8
2836;3;2265;2287;0.4;21.9
2837;3;2287;2304;13.3;31.3
2838;3;1046;1079;-13.5;18.0
2839;3;1079;1117;-9.4;13.9
2840;3;1117;1157;-7.2;21.1
2841;3;1157;1197;-10.4;17.0
2842;3;1197;1233;-8.8;21.2
2843;3;1233;1271;-6.4;15.8
2844;3;1271;1312;-12.2;11.0
2845;3;1312;1354;-12.6;12.0
2846;3;1354;1392;13.0;17.9
2847;3;1392;1430;12.4;22.8
2848;3;1430;1464;-2.6;11.4
2849;3;1464;1503;1.6;7.8
2850;3;1503;1539;-8.4;8.2
2851;3;1539;1573;-3.9;6.4
2852;3;2454;2433;-8.0;29.7
2853;3;2433;2415;4.7;38.2
2854;3;2415;2399;7.6;26.4
2855;3;2399;2383;9.7;45.3
2856;3;2383;2369;-5.9;80.1
2857;3;2369;2355;12.9;170.9
2858;3;2355;2341;2.4;70.2
2859;3;2341;2328;-7.1;90.0
2860;3;2328;2313;0.6;45.7
2861;3;2313;2297;15.0;128.6
2862;3;2297;2277;0.2;75.3
2863;3;2277;2254;3.2;72.9
2864;3;2254;2278;14.2;74.8
2865;3;2278;2298;10.4;118.3
2866;4;2483;2499;1.3;36.7
2867;4;2499;2515;-14.5;77.8
2868;4;2515;2532;-8.7;37.4
2869;4;2532;2548;3.0;44.8
2870;4;2548;2550;3.9;43.4
2871;4;2550;2535;-11.7;21.6
2872;4;2535;2519;5.7;53.3
2873;4;2519;2503;12.2;74.1
2874;4;2503;2486;13.5;44.6
2875;4;2486;2471;-12.7;31.6
2876;4;2471;2451;2.0;41.1
2877;4;2451;2432;-3.3;18.4
2878;4;2432;2414;2.6;17.1
2879;4;2414;2398;0.6;10.8
2880;4;2398;2382;5.2;20.4
2881;4;2382;2368;10.2;9.9
2882;4;2368;2354;12.9;17.1
2883;4;2354;2340;11.5;31.4
2884;4;2340;2327;-11.8;28.8
2885;4;2327;2312;-13.4;27.2
2886;4;2312;2296;-8.4;27.0
2887;4;2296;2275;-0.4;31.3
2888;4;2275;2253;-15.0;21.0
2889;4;2253;2230;-7.7;84.8
2890;4;2230;2205;11.4;73.9
2891;4;2205;2182;-5.5;46.8
2892;4;2182;2159;-14.0;13.5
2893;4;2159;2139;6.4;46.1
2894;4;2139;2118;8.7;15.6
2895;4;2118;2096;-3.3;4.5
2896;4;2096;2073;7.7;4.1
2897;4;2073;2049;6.3;23.0
2898;4;2049;2026;7.1;42.2
2899;4;2026;2005;-6.2;58.4
2900;4;2005;1982;-13.5;20.6
2901;4;1982;1954;-12.6;46.6
2902;4;1954;1925;-7.4;10.0
2903;4;1925;1895;1.6;8.1
2904;3;3363;3374;-3.2;75.3
2905;3;23;29;13.2;54.7
2906;3;29;35;2.3;77.9
2907;3;35;41;-7.8;62.4
2908;3;41;48;4.1;50.4
2909;3;2054;2055;-3.1;17.5
2910;3;2055;2032;6.7;42.4
2911;3;2032;2011;2.2;12.1
2912;3;2011;1987;-14.8;32.2
2913;3;1987;1961;12.3;20.6
2914;3;1961;1932;-12.0;54.6
2915;3;1932;1902;9.6;37.0
2916;3;1902;1873;4.3;37.4
2917;3;1873;1841;3.0;25.9
2918;3;1841;1812;0.0;38.3
2919;3;2011;2033;-7.2;13.4
2920;3;2033;2056;11.0;24.0
2921;3;1034;1066;8.8;23.6
2922;3;1066;1101;13.9;39.6
2923;3;2177;2200;-3.2;7.6
2924;3;2200;2225;3.9;10.4
2925;3;2225;2248;0.0;12.4
2926;3;2248;2270;-12.1;6.1
2927;3;2270;2291;-11.4;5.8
2928;3;2291;2307;2.9;8.0
2929;3;2307;2322;-0.2;5.7
2930;3;2322;2335;3.1;7.0
2931;3;2513;2530;12.9;22.8
2932;3;2530;2546;11.4;18.8
2933;3;2546;2561;0.4;29.8
2934;3;2561;2574;12.6;18.1
2935;3;2574;2589;-12.4;25.5
2936;3;2589;2602;-7.0;19.7
2937;3;2602;2617;10.3;19.2
2938;3;2617;2632;-14.4;27.1
2939;3;2632;2647;-7.7;26.7
2940;3;2647;2663;-0.1;13.0
2941;3;2663;2681;-4.6;16.6
2942;3;2681;2690;-6.4;17.7
2943;3;2690;2672;3.5;13.0
2944;3;2672;2656;9.2;19.0
2945;3;2656;2641;-5.4;49.4
2946;3;2641;2626;10.6;22.0
2947;3;2626;2611;0.8;11.4
2948;3;2611;2597;-12.4;19.6
2949;3;2597;2582;-0.6;49.0
2950;3;2582;2569;-10.8;40.8
2951;3;2569;2556;-0.3;8.9
2952;3;2556;2540;4.3;32.1
2953;3;2540;2524;-7.5;40.2
2954;3;2524;2508;-0.5;44.4
2955;3;2508;2492;-2.8;40.6
2956;3;2492;2476;-3.4;29.4
2957;3;2476;2461;6.1;30.0
2958;3;2461;2440;-10.8;55.4
2959;3;2440;2421;11.2;43.2
2960;3;2421;2405;6.3;38.5
2961;3;2405;2422;-2.4;16.0
2962;3;2422;2441;8.9;51.9
2963;3;2441;2462;-14.3;26.6
2964;3;2462;2477;-13.1;14.3
2965;3;2477;2493;-6.2;37.2
2966;3;2493;2509;-4.5;41.6
2967;3;2509;2525;3.8;13.9
2968;3;2525;2541;-5.5;33.1
2969;3;2541;2557;14.0;53.2
2970;3;2557;2570;-11.0;33.3
2971;3;2570;2583;8.7;15.2
2972;3;2583;2598;6.7;26.6
2973;3;2598;2612;9.3;22.7
2974;3;2612;2627;-6.2;55.5
2975;3;2627;2642;-0.8;81.3
2976;3;2642;2657;-1.7;17.9
2977;3;2848;2860;-4.5;35.5
2978;3;2860;2871;-9.6;46.0
2979;3;2871;2857;-2.4;82.7
2980;3;2857;2846;13.2;17.7
2981;3;2846;2835;5.8;11.4
2982;3;2835;2823;4.7;9.1
2983;3;2823;2810;7.7;18.7
2984;3;2810;2797;2.3;25.7
2985;3;2797;2783;-9.4;45.6
2986;3;2783;2769;2.7;25.7
2987;3;2769;2756;4.7;26.1
2988;3;2756;2743;13.2;14.4
2989;3;2743;2730;-3.9;22.0
2990;3;2730;2717;10.6;54.2
2991;3;2717;2704;3.0;36.9
2992;3;2704;2691;-4.5;39.6
2993;3;2691;2673;-5.6;58.1
2994;3;2673;2657;14.0;64.5
2995;3;2657;2674;4.7;26.6
2996;3;2674;2692;9.4;70.2
2997;3;2692;2680;-8.1;23.1
2998;3;2680;2662;0.6;36.7
2999;3;2662;2646;-0.2;60.8
3000;3;2646;2631;-12.4;39.4
3001;3;2631;2616;8.7;27.3
3002;3;2616;2601;1.5;16.4
3003;3;2601;2586;8.8;33.2
3004;3;2586;2571;-3.9;55.9
3005;3;2571;2558;12.2;55.1
3006;3;2558;2542;-11.4;27.0
3007;3;2542;2526;15.0;44.7
3008;3;2526;2510;2.0;65.8
3009;3;2510;2494;11.9;31.4
3010;3;2494;2477;-13.7;122.3
3011;3;2769;2784;-6.5;14.9
3012;3;2784;2798;-8.9;11.4
3013;3;2798;2812;-2.3;17.3
3014;3;2812;2799;10.9;29.0
3015;3;2799;2785;-9.5;20.4
3016;3;2785;2770;-8.6;8.0
3017;3;2770;2757;-4.0;7.3
3018;3;2757;2744;-5.1;31.4
3019;3;2744;2731;-13.0;19.2
3020;3;2731;2718;5.9;25.9
3021;3;2718;2705;13.6;25.6
3022;3;2705;2693;4.4;30.4
3023;3;2693;2675;-6.7;16.8
3024;3;2675;2658;5.6;15.1
3025;3;2658;2643;-12.1;8.5
3026;3;2643;2628;-1.9;7.8
3027;3;2628;2613;-11.2;10.0
3028;3;2613;2599;14.2;21.5
3029;3;2599;2584;-8.3;15.1
3030;3;2584;2570;9.4;9.1
3031;3;2570;2585;-8.3;24.5
3032;3;2585;2600;6.3;182.9
3033;3;2306;2321;7.7;21.2
3034;3;2321;2334;7.6;22.1
3035;3;2334;2347;3.8;34.2
3036;3;2347;2361;-7.2;33.5
3037;3;2361;2375;-1.4;25.0
3038;3;2375;2391;13.0;22.1
3039;3;2391;2407;-14.2;22.0
3040;3;2407;2424;-14.1;19.0
3041;3;2424;2443;5.4;14.9
3042;3;2443;2464;-0.1;14.0
3043;3;2464;2479;-8.7;10.3
3044;3;2479;2496;-4.7;22.5
3045;3;2496;2512;-13.8;28.3
3046;3;2512;2528;-13.1;32.2
3047;3;2528;2544;-9.7;18.7
3048;3;2544;2560;3.0;12.2
3049;3;2560;2573;-13.0;18.4
3050;3;2573;2588;4.0;13.2
3051;3;2588;2587;8.9;13.0
3052;3;2587;2572;-5.2;6.4
3053;3;2572;2559;14.7;11.4
3054;3;2559;2543;8.2;12.0
3055;3;2543;2527;3.5;8.5
3056;3;2527;2511;5.4;12.1
3057;3;2511;2495;-11.0;12.0
3058;3;2495;2478;-11.1;18.4
3059;3;2478;2463;8.7;25.9
3060;3;2463;2442;8.3;21.2
3061;3;2442;2423;-13.4;17.0
3062;3;2423;2406;13.9;8.6
3063;3;2406;2390;-1.2;17.0
3064;3;2390;2374;-12.8;11.0
3065;3;2680;2697;4.3;59.5
3066;3;2697;2709;5.3;6.1
3067;3;2709;2722;-8.1;69.8
3068;3;2722;2735;-7.2;62.2
3069;3;2735;2748;-11.8;102.3
3070;3;2748;2761;11.7;76.2
3071;3;2761;2775;8.9;31.4
3072;3;2775;2790;-10.3;25.2
3073;3;2872;2883;-5.8;13.3
3074;3;2883;2893;-9.4;48.3
3075;3;2893;2903;2.7;18.6
3076;3;2903;2912;-13.8;14.2
3077;3;2912;2921;-7.7;37.6
3078;3;2921;2929;-5.2;10.6
3079;3;2929;2937;-13.8;9.5
3080;3;2937;2945;11.6;6.1
3081;3;2945;2954;-8.0;8.2
3082;3;2954;2965;-4.6;12.6
3083;3;2965;2976;-3.8;14.0
3084;3;2976;2989;10.2;14.0
3085;3;2989;3001;-0.7;18.0
3086;3;3001;3011;13.3;39.4
3087;3;3011;3021;6.3;45.4
3088;3;3021;3031;3.9;59.0
3089;3;3031;3041;-15.0;53.2
3090;3;3041;3052;-13.2;43.1
3091;3;3052;3066;-0.1;52.0
3092;3;3066;3053;-7.0;78.8
3093;3;3053;3042;-6.9;36.1
3094;3;3042;3054;9.2;59.1
3095;3;3054;3067;-2.8;77.5
3096;3;3067;3078;7.6;68.1
3097;3;3612;3615;12.4;45.3
3098;3;3615;3618;13.6;49.8
3099;3;3618;3621;11.2;41.0
3100;3;3621;3624;-4.7;23.4
3101;3;3333;3325;-7.6;5.0
3102;3;3325;3315;5.7;6.1
3103;3;3315;3306;-9.8;6.4
3104;2;1437;1472;-6.2;23.5
3105;2;1472;1510;11.1;32.3
3106;2;1510;1546;12.5;76.6
3107;2;1546;1580;11.2;4.5
3108;2;1580;1613;-0.3;20.5
3109;2;1613;1648;2.4;12.0
3110;2;1648;1680;-2.0;27.2
3111;2;1680;1714;-12.6;17.0
3112;2;1714;1746;-13.9;7.8
3113;2;1746;1777;14.8;51.5
3114;2;1777;1806;-11.5;67.1
3115;3;2160;2185;1.2;41.4
3116;3;2185;2208;-12.4;22.8
3117;3;2208;2234;7.4;11.7
3118;3;2234;2256;-2.7;4.1
3119;3;2256;2279;8.2;30.6
3120;3;2279;2299;-12.2;12.4
3121;3;2299;2314;11.9;13.9
3122;3;2314;2329;4.7;23.3
3123;3;2329;2342;-3.8;46.0
3124;3;2342;2356;13.1;30.9
3125;3;2356;2370;-6.0;51.7
3126;3;2370;2384;14.1;25.2
3127;3;2384;2400;-5.5;66.8
3128;3;2400;2416;-3.8;23.6
3129;3;2416;2434;6.0;18.4
3130;3;2434;2455;-5.6;96.6
3131;3;2207;2233;-13.0;10.3
3132;3;2233;2255;14.1;7.8
3133;3;2255;2234;-4.9;9.8
3134;3;1221;1184;-12.5;22.4
3135;3;1184;1144;2.1;22.1
3136;3;1144;1103;1.0;23.0
3137;3;1103;1069;-0.1;36.5
3138;3;1069;1037;-13.5;22.8
3139;3;1037;1007;5.1;24.7
3140;3;1007;978;-5.3;14.3
3141;3;112;119;-11.9;113.8
3142;3;119;127;-4.2;65.3
3143;3;127;136;12.1;58.0
3144;3;136;145;12.4;20.9
3145;3;145;155;6.4;17.5
3146;3;155;166;11.3;24.1
3147;3;166;176;-2.4;34.0
3148;3;176;187;-5.8;55.3
3149;3;187;197;7.1;43.0
3150;3;197;208;9.3;30.1
3151;3;208;221;1.2;26.2
3152;3;221;234;8.8;43.3
3153;3;234;247;12.1;43.9
3154;3;247;260;-8.9;40.6
3155;3;260;272;-15.0;24.4
3156;3;272;284;3.8;23.3
3157;3;284;297;-9.7;19.7
3158;3;297;312;0.5;28.1
3159;3;312;327;-3.3;37.5
3160;3;327;342;6.0;10.0
3161;3;342;358;-14.2;33.2
3162;3;2565;2552;-0.6;135.9
3163;3;2552;2537;-1.2;97.6
3164;3;2537;2521;3.1;74.7
3165;3;2521;2505;-6.2;76.2
3166;3;2505;2488;10.1;38.6
3167;3;2488;2473;-8.0;27.8
3168;3;2473;2489;-4.0;39.3
3169;3;2489;2506;-2.5;51.2
3170;3;2506;2522;14.3;65.1
3171;3;2522;2538;9.0;106.5
3172;3;2538;2553;-12.2;21.8
3173;3;2553;2566;-12.1;97.0
3174;3;2566;2579;-11.0;43.1
3175;3;2579;2594;-10.0;26.0
3176;3;2594;2608;-11.2;36.9
3177;3;2608;2623;8.3;61.0
3178;3;2473;2456;6.7;130.4
3179;3;2456;2435;1.8;45.2
3180;3;2435;2417;4.5;24.1
3181;3;2417;2401;8.3;18.0
3182;3;2401;2385;3.8;25.5
3183;3;2385;2371;-12.5;41.2
3184;3;2371;2357;-14.5;25.6
3185;3;2357;2343;-14.6;21.1
3186;3;2343;2330;1.3;21.1
3187;3;2330;2315;6.2;58.6
3188;3;2315;2300;-4.4;44.8
3189;3;2300;2280;11.0;39.2
3190;3;2280;2257;3.2;86.5
3191;3;2257;2235;-2.9;66.2
3192;3;2235;2209;-2.0;81.8
3193;3;2209;2186;-7.8;94.0
3194;3;2186;2161;-7.3;37.5
3195;3;2161;2141;7.0;31.0
3196;3;2141;2120;1.5;18.4
3197;3;2120;2099;-1.7;17.0
3198;3;2099;2076;-0.9;12.1
3199;3;2076;2051;-14.5;30.4
3200;3;619;644;-14.1;17.5
3201;3;644;668;-8.2;138.6
3202;3;668;693;3.0;119.9
3203;3;693;719;-14.4;86.0
3204;3;719;746;-8.4;144.6
3205;3;746;773;6.8;92.2
3206;3;773;799;-0.1;25.0
3207;3;799;825;8.7;70.3
3208;3;825;854;-13.9;31.6
3209;3;854;882;-11.5;15.3
3210;3;882;879;-4.8;15.1
3211;3;879;851;2.3;65.4
3212;3;851;822;0.6;77.8
3213;3;822;796;7.9;39.8
3214;3;796;770;-3.0;24.4
3215;3;770;743;6.3;58.8
3216;3;743;716;3.0;59.8
3217;3;716;690;13.1;34.4
3218;3;690;665;-14.3;55.1
3219;3;665;641;11.2;56.9
3220;3;641;617;-5.9;108.2
3221;3;617;592;-11.9;48.0
3222;3;592;567;14.0;44.3
3223;3;567;543;-2.1;83.0
3224;3;543;516;9.1;26.6
3225;3;516;542;-3.1;3.2
3226;3;542;515;7.8;17.7
3227;3;142;151;9.0;11.0
3228;3;151;162;9.2;17.1
3229;3;162;172;-6.4;19.3
3230;3;172;182;2.5;17.0
3231;3;1;4;-7.1;46.9
3232;3;4;7;-3.0;16.8
3233;3;7;11;3.6;13.0
3234;3;11;15;-8.4;37.0
3235;3;15;19;14.3;26.1
3236;3;19;24;-3.7;56.1
3237;3;24;31;-6.1;31.1
3238;3;31;37;0.3;29.7
3239;3;37;43;-4.6;50.8
3240;3;43;50;6.4;18.4
3241;3;50;56;-14.2;25.8
3242;3;56;61;4.8;71.3
3243;3;23;30;-10.1;12.0
3244;3;30;36;7.6;34.9
3245;3;36;42;-12.8;17.7
3246;3;42;49;3.8;16.2
3247;3;49;55;-10.2;34.8
3248;3;494;516;10.1;19.2
3249;3;516;544;-0.9;3.2
3250;3;544;568;-2.7;28.3
3251;3;568;593;-7.3;27.3
3252;3;593;618;1.8;27.3
3253;3;618;642;-12.6;20.6
3254;3;642;666;3.1;26.2
3255;3;666;691;7.6;44.3
3256;3;691;717;-10.3;32.6
3257;3;717;744;-10.8;8.5
3258;3;744;771;-0.4;10.8
3259;3;771;797;5.6;22.6
3260;3;797;823;-1.1;20.9
3261;3;823;852;-13.0;31.8
3262;3;852;880;10.6;26.6
3263;3;880;906;8.8;36.1
3264;3;906;934;-7.5;17.0
3265;3;934;962;-1.3;10.2
3266;3;962;990;-0.7;14.0
3267;3;990;1019;-9.3;18.0
3268;3;1019;1051;1.5;28.0
3269;3;1051;1084;3.9;46.9
3270;3;1084;1122;7.2;46.0
3271;3;1122;1162;-12.4;33.9
3272;3;1162;1202;-1.0;12.2
3273;3;5;9;2.5;48.8
3274;3;9;13;0.6;39.4
3275;3;13;17;-11.1;47.4
3276;3;17;21;8.0;44.0
3277;3;21;26;-1.7;46.7
3278;3;2622;2638;-14.8;10.6
3279;3;2638;2653;11.9;7.2
3280;3;2653;2669;12.9;28.7
3281;3;2669;2687;-6.7;14.4
3282;3;2687;2701;1.9;7.3
3283;3;2701;2714;11.0;10.2
3284;3;2714;2727;-9.6;9.5
3285;3;2727;2740;10.0;20.0
3286;3;2740;2753;-3.3;13.4
3287;3;2753;2766;7.7;13.2
3288;3;2766;2780;5.7;15.1
3289;3;2780;2794;-6.3;19.2
3290;3;2794;2808;13.6;20.0
3291;3;2808;2821;4.8;28.0
3292;3;2821;2833;-14.9;35.9
3293;3;2833;2845;-1.3;68.9
3294;3;2845;2856;1.2;51.7
3295;3;2856;2870;-7.4;79.3
3296;3;2870;2881;-3.4;105.2
3297;3;2881;2891;5.9;49.0
3298;3;2891;2901;14.2;37.5
3299;3;2901;2910;13.8;44.9
3300;3;2910;2919;-6.6;51.0
3301;3;2919;2927;6.0;32.3
3302;3;2927;2935;0.5;33.5
3303;3;2935;2943;-0.3;27.2
3304;3;2943;2951;4.0;17.0
3305;3;2951;2961;-1.1;8.5
3306;3;2961;2972;-1.1;13.0
3307;3;2951;2962;-13.6;12.1
3308;3;2962;2973;7.8;22.4
3309;3;2973;2985;-7.8;22.6
3310;3;2985;2997;14.1;10.8
3311;3;721;748;-0.4;62.6
3312;4;2848;2861;-8.2;12.1
3313;4;2861;2873;-9.5;19.4
3314;4;2873;2884;8.9;27.0
3315;4;2884;2894;-2.1;15.1
3316;4;2894;2904;9.8;14.0
3317;4;2904;2913;-9.0;25.7
3318;4;2913;2922;-8.0;49.2
3319;4;2922;2930;2.9;29.8
3320;4;2930;2938;1.8;33.2
3321;4;2938;2946;10.4;25.9
3322;4;2946;2955;13.1;39.6
3323;4;2955;2966;13.0;27.0
3324;4;2966;2977;2.2;36.3
3325;4;2977;2990;-3.3;50.2
3326;4;2990;3002;-13.7;55.0
3327;4;3002;3012;-4.2;18.2
3328;4;3012;3022;4.8;17.3
3329;4;3022;3032;-9.1;58.5
3330;4;3032;3042;7.1;79.1
3331;4;3087;3076;-8.3;16.1
3332;4;3076;3064;11.9;29.8
3333;4;3064;3050;-6.9;16.0
3334;3;3113;3127;-3.5;5.0
3335;3;3127;3141;1.7;4.5
3336;3;3141;3154;3.9;7.2
3337;3;3154;3167;6.3;4.2
3338;3;3167;3179;-12.1;2.8
3339;3;3179;3194;-1.1;3.2
3340;3;3194;3208;15.0;5.4
3341;3;3208;3223;-15.0;5.4
3342;3;3223;3239;-5.6;5.1
3343;3;3239;3250;-0.8;5.8
3344;3;3250;3260;-6.5;5.7
3345;3;3260;3270;11.4;3.6
3346;3;3270;3280;-12.2;6.0
3347;3;3280;3290;9.4;6.0
3348;3;3290;3301;-3.8;4.1
3349;3;3301;3311;-3.0;4.5
3350;3;3311;3320;0.4;4.2
3351;3;3320;3330;-9.3;5.7
3352;3;3330;3338;-0.7;3.6
3353;3;3338;3347;-0.5;5.1
3354;3;3347;3357;2.0;4.1
3355;3;3357;3367;-12.2;7.1
3356;3;3367;3356;-8.7;4.5
3357;3;3356;3346;13.0;5.4
3358;3;3346;3337;5.6;7.2
3359;3;3337;3329;1.3;9.8
3360;3;3329;3319;14.6;6.4
3361;3;3319;3310;-12.4;7.8
3362;3;3310;3299;-2.1;5.0
3363;3;3299;3289;7.6;6.7
3364;4;3173;3187;14.5;23.9
3365;4;3187;3201;6.0;14.2
3366;4;3201;3215;-4.0;13.0
3367;4;3215;3231;12.0;14.4
3368;4;3231;3244;14.5;15.8
3369;4;3244;3254;-11.6;13.6
3370;4;3254;3264;6.0;19.1
3371;4;3264;3274;10.4;15.8
3372;4;3274;3284;-9.1;14.1
3373;4;3284;3294;-8.7;12.2
3374;4;3294;3305;3.9;17.0
3375;4;3305;3300;8.0;19.2
3376;4;3300;3289;-6.6;19.7
3377;4;3289;3279;-13.9;11.0
3378;4;3279;3269;9.7;31.1
3379;4;3269;3259;12.0;45.7
3380;4;3259;3249;-3.1;43.7
3381;4;3249;3238;-12.3;55.5
3382;4;3238;3222;1.6;67.9
3383;4;3222;3207;-14.9;22.8
3384;4;3207;3193;7.8;35.2
3385;4;3193;3178;-11.2;17.5
3386;4;3099;3112;0.0;15.5
3387;4;3112;3125;7.3;16.1
3388;4;3125;3139;7.1;35.1
3389;4;3139;3152;6.6;21.4
3390;4;3152;3165;-8.1;27.8
3391;4;3165;3160;10.0;12.2
3392;4;3160;3147;-4.1;17.0
3393;4;3147;3133;-3.9;56.9
3394;4;3133;3119;0.4;32.4
3395;4;3119;3106;11.6;26.7
3396;4;3106;3094;3.7;18.7
3397;4;3094;3082;9.6;6.3
3398;4;3082;3071;-12.7;6.4
3399;4;3071;3058;-2.5;18.0
3400;4;3058;3045;4.1;17.3
3401;4;2797;2811;-10.3;6.7
3402;4;2811;2824;2.3;16.3
3403;4;2824;2836;-0.1;26.4
3404;4;2836;2847;2.1;38.9
3405;4;2847;2858;-10.8;26.4
3406;4;2858;2863;2.0;8.5
3407;4;2863;2849;1.6;8.6
3408;4;2849;2838;-14.6;7.1
3409;4;2838;2826;-1.1;12.0
3410;4;2826;2814;-4.8;15.8
3411;4;2814;2800;4.8;36.7
3412;4;2697;2710;-5.2;26.6
3413;4;2710;2723;6.5;48.7
3414;4;2723;2736;-6.5;47.9
3415;4;2736;2749;14.0;79.2
3416;4;2749;2762;-11.1;29.7
3417;4;2762;2776;-6.2;26.4
3418;4;2776;2791;7.2;30.4
3419;4;2791;2805;6.7;73.3
3420;4;2805;2818;2.5;39.4
3421;4;2818;2830;-6.8;18.4
3422;4;2830;2842;0.3;22.8
3423;4;2842;2853;-6.0;53.5
3424;4;2853;2867;0.1;50.0
3425;4;2867;2878;-10.0;43.0
3426;4;2878;2885;1.8;49.2
3427;4;2885;2874;-6.0;20.2
3428;4;2874;2862;-8.4;18.4
3429;4;2862;2848;-8.5;18.1
3430;4;2758;2772;-6.2;9.5
3431;4;2772;2787;-14.1;33.0
3432;4;2787;2801;4.3;34.4
3433;3;2600;2615;-7.0;60.1
3434;3;2615;2630;3.0;20.6
3435;3;2630;2645;7.6;21.1
3436;3;2645;2661;1.0;34.4
3437;3;1826;1856;-5.1;40.0
3438;3;1856;1887;-14.0;12.0
3439;3;1887;1917;7.5;10.3
3440;3;1917;1946;1.3;12.4
3441;3;1946;1975;10.3;19.0
3442;3;1975;1998;12.6;29.0
3443;3;1998;2020;-7.4;2.0
3444;3;144;154;-15.0;91.2
3445;3;154;165;7.3;19.2
3446;3;165;175;-3.4;68.9
3447;3;175;186;-14.5;23.3
3448;3;186;196;-1.6;45.1
3449;3;1760;1789;-4.3;28.5
3450;3;1789;1817;6.3;34.5
3451;3;1817;1846;4.1;32.6
3452;3;1846;1878;-14.9;23.3
3453;3;1878;1909;-7.3;18.8
3454;3;1909;1939;-4.4;17.0
3455;3;1939;1968;-2.5;32.6
3456;3;1968;1993;-12.8;74.4
3457;3;1993;2017;11.6;38.6
3458;3;3328;3318;-9.9;8.9
3459;3;3318;3309;-3.5;93.9
3460;3;3309;3298;11.0;76.4
3461;3;3298;3287;0.3;100.6
3462;3;3287;3278;8.3;17.5
3463;3;3278;3268;-0.7;75.5
3464;3;3278;3288;-12.8;23.0
3465;3;605;631;0.7;9.1
3466;3;631;656;-13.2;11.2
3467;3;656;681;-4.6;8.0
3468;3;681;707;7.5;9.2
3469;3;707;734;-4.1;6.4
3470;3;734;761;0.9;7.3
3471;3;761;787;9.3;7.1
3472;3;787;813;11.9;6.3
3473;3;813;841;-10.6;3.2
3474;3;841;870;-0.5;9.2
3475;3;870;897;-13.3;6.7
3476;3;897;925;11.1;6.4
3477;3;925;953;8.1;6.7
3478;3;953;981;-3.2;6.0
3479;3;981;1010;-14.3;3.6
3480;3;1010;1040;3.7;2.2
3481;3;1040;1072;2.2;13.6
3482;3;1072;1107;-8.0;4.1
3483;3;1107;1148;10.2;3.6
3484;3;1148;1188;-4.3;4.1
3485;3;1188;1224;-8.6;19.9
3486;3;1224;1262;13.1;4.0
3487;3;1262;1303;5.8;3.0
3488;3;1303;1344;-11.9;3.2
3489;3;1344;1383;9.3;3.0
3490;3;1383;1422;8.6;3.6
3491;3;1422;1457;-6.0;3.6
3492;3;1457;1496;13.5;10.8
3493;3;1496;1533;1.3;3.0
3494;3;1533;1569;11.3;2.8
3495;3;1569;1604;-9.5;13.2
3496;3;1604;1639;1.5;3.0
3497;3;1639;1672;9.6;4.1
3498;3;1672;1704;-7.6;2.8
3499;3;1704;1736;-5.4;5.0
3500;3;1736;1767;5.4;4.2
3501;3;1767;1796;-11.2;3.2
3502;3;1796;1823;-2.2;3.0
3503;3;1823;1851;2.9;5.4
3504;3;1851;1883;1.5;4.1
3505;3;1883;1913;14.3;2.2
3506;3;1913;1943;13.4;2.8
3507;3;1943;1972;1.6;6.1
3508;3;1972;1996;-13.7;6.0
3509;3;1996;1997;-5.1;2.0
3510;3;1997;1973;13.2;2.2
3511;3;1973;1944;-10.0;3.0
3512;3;1944;1914;10.3;4.0
3513;3;1914;1884;-4.2;4.2
3514;3;1884;1852;-8.9;7.0
3515;3;1852;1824;10.0;11.0
3516;3;1824;1797;7.6;4.2
3517;3;1797;1768;-2.3;4.1
3518;3;1768;1737;0.3;4.5
3519;3;1737;1705;14.3;2.8
3520;3;1705;1673;-10.4;3.2
3521;3;1673;1640;3.0;5.0
3522;3;1640;1605;-14.8;5.8
3523;3;1605;1570;11.9;2.8
3524;3;1570;1534;4.9;6.4
3525;3;1534;1497;9.0;5.0
3526;3;1497;1458;10.2;5.1
3527;3;1458;1423;-6.9;2.8
3528;3;1423;1384;2.9;6.0
3529;3;1384;1345;-14.1;17.1
3530;3;1345;1304;-13.1;5.8
3531;3;1304;1263;-11.8;6.3
3532;3;1263;1225;-9.9;3.2
3533;3;1225;1189;14.6;2.8
3534;3;1189;1149;4.2;3.6
3535;3;1149;1108;-4.8;10.2
3536;3;1108;1073;9.4;6.7
3537;3;1073;1041;-3.1;5.1
3538;3;1041;1011;-14.9;3.6
3539;3;1011;982;10.7;4.1
3540;3;982;954;14.0;4.1
3541;3;954;926;10.3;31.3
3542;3;926;898;13.3;15.5
3543;3;898;871;-6.1;29.6
3544;3;871;842;1.3;7.6
3545;3;842;814;-5.4;4.0
3546;3;814;788;-3.4;14.9
3547;3;788;762;-13.4;2.0
3548;3;762;735;-7.0;6.4
3549;3;735;708;-4.9;8.1
3550;3;708;682;11.5;13.6
3551;3;682;657;11.2;6.7
3552;3;657;632;-14.3;4.2
3553;3;632;606;-13.2;8.5
3554;3;606;581;8.5;7.6
3555;3;581;557;-11.0;5.0
3556;3;557;529;-6.2;12.2
3557;3;529;505;-3.1;15.3
3558;3;1874;1904;2.3;22.5
3559;3;1904;1934;4.9;16.1
3560;3;1934;1963;-6.9;36.2
3561;3;1963;1989;4.9;50.9
3562;3;1989;2014;-13.1;15.3
3563;3;2014;2037;-0.5;45.6
3564;3;2037;2061;-2.9;25.5
3565;3;1447;1485;0.8;10.4
3566;3;1485;1523;-0.3;12.0
3567;3;1523;1559;1.8;10.6
3568;3;1559;1594;-5.9;24.2
3569;3;1594;1628;5.7;17.9
3570;3;1628;1663;10.7;19.9
3571;3;1663;1695;-6.9;17.1
3572;3;1695;1727;-5.4;27.5
3573;3;1727;1758;-13.0;8.0
3574;3;1758;1787;2.1;9.2
3575;3;1787;1815;-3.3;11.2
3576;3;1815;1844;5.5;7.1
3577;3;1844;1876;-14.3;35.0
3578;3;1876;1907;-0.8;41.2
3579;3;1907;1937;3.1;5.4
3580;3;1937;1966;-12.5;6.3
3581;3;1966;1991;3.3;22.1
3582;3;298;314;-12.0;66.3
3583;3;314;329;10.5;28.8
3584;3;329;344;1.0;48.9
3585;3;344;357;4.3;22.2
3586;3;357;341;2.6;22.6
3587;3;341;326;-12.4;146.2
3588;3;326;311;6.1;43.5
3589;3;311;296;1.1;98.5
3590;3;296;283;-5.6;47.0
3591;3;283;271;-1.6;96.0
3592;3;271;259;-10.9;113.4
3593;3;259;246;-3.1;17.5
3594;3;246;233;-7.8;16.3
3595;3;2428;2447;-13.3;5.0
3596;3;2231;2206;-10.9;10.4
3597;3;2206;2183;-6.1;14.6
3598;3;2183;2159;3.7;9.1
3599;5;1862;1832;3.6;36.4
3600;4;1833;1864;-12.3;23.1
3601;4;1864;1862;5.2;9.2
3602;4;1862;1893;-4.7;10.0
3603;4;1893;1924;-3.8;8.1
3604;4;1924;1953;-2.6;9.5
3605;4;1953;1981;11.2;7.8
3606;4;1981;2004;2.4;34.0
3607;3;1548;1583;1.9;22.8
3608;3;1583;1616;7.7;35.4
3609;3;1616;1652;-8.3;35.5
3610;3;1652;1684;-9.4;36.9
3611;3;1684;1717;1.1;19.4
3612;3;1717;1749;-3.1;20.5
3613;3;1749;1779;-14.3;7.6
3614;3;1779;1808;2.0;10.8
3615;3;1808;1836;-5.3;9.2
3616;3;1836;1868;-7.1;6.7
3617;3;1868;1897;-4.8;7.2
3618;3;1897;1927;-9.7;14.2
3619;3;910;939;12.1;17.5
3620;3;939;967;-11.9;15.5
3621;3;967;995;-1.7;15.6
3622;3;995;1025;1.5;18.6
3623;3;1025;1057;-14.1;17.0
3624;3;1057;1090;-8.5;8.5
3625;3;1090;1128;9.2;19.0
3626;3;1128;1169;3.6;20.0
3627;3;1169;1209;4.0;18.4
3628;3;1209;1246;12.0;12.7
3629;3;1246;1285;8.3;11.2
3630;3;1285;1325;10.6;26.0
3631;3;1325;1365;-1.7;61.1
3632;3;1365;1403;-2.3;24.7
3633;3;1403;1439;-1.4;23.7
3634;3;1439;1474;-0.2;7.8
3635;3;1474;1512;14.7;6.7
3636;3;1512;1548;7.5;9.2
3637;3;1548;1584;8.0;10.0
3638;3;1584;1617;14.7;7.2
3639;3;1617;1653;8.8;15.0
3640;3;1653;1685;-2.6;80.3
3641;3;1685;1718;11.9;72.4
3642;3;1718;1750;-4.1;32.1
3643;3;1750;1780;3.4;28.9
3644;3;994;1024;-12.1;6.7
3645;3;2285;2263;2.4;3.6
3646;3;2263;2241;-12.4;28.6
3647;3;2241;2217;8.6;43.9
3648;3;2217;2192;8.8;46.0
3649;3;2192;2168;11.3;47.4
3650;3;2168;2148;-7.7;64.4
3651;3;2148;2169;-7.9;36.9
3652;3;2169;2166;-7.0;91.0
3653;3;2166;2146;7.3;33.8
3654;3;2146;2125;-1.2;26.4
3655;3;2125;2103;5.6;8.5
3656;3;2103;2126;-0.0;12.6
3657;3;2126;2147;-13.7;15.3
3658;3;2147;2167;-12.0;19.0
3659;3;2167;2191;-13.9;17.3
3660;3;2170;2148;-5.6;11.4
3661;3;2148;2127;-5.0;8.1
3662;3;2127;2104;4.9;46.1
3663;3;2104;2081;-14.3;57.2
3664;3;2081;2058;-8.8;83.7
3665;3;2058;2034;-14.8;13.0
3666;3;1092;1131;14.8;34.4
3667;3;1131;1172;9.6;28.6
3668;3;1172;1211;-7.6;77.8
3669;3;1211;1248;-0.1;39.3
3670;3;1248;1287;-7.9;33.6
3671;3;1287;1327;-12.7;31.4
3672;3;3569;3573;3.5;3.6
3673;3;3573;3577;11.3;3.2
3674;3;3577;3581;1.0;3.2
3675;3;3581;3585;12.8;2.2
3676;3;3585;3589;-11.9;5.7
3677;3;3589;3593;-4.4;60.5
3678;3;3593;3597;1.8;7.6
3679;3;3597;3601;1.4;5.4
3680;3;3601;3604;5.6;8.1
3681;3;3604;3607;8.4;20.0
3682;2;2604;2590;-8.9;6.1
3683;2;2619;2604;-8.8;8.1
3684;3;2157;2180;-11.3;245.3
3685;3;2180;2203;-11.8;78.9
3686;3;2203;2228;-8.3;55.7
3687;3;2228;2251;1.9;73.2
3688;3;2251;2273;-3.5;67.9
3689;3;2273;2294;7.2;73.4
3690;3;2294;2310;6.5;57.0
3691;3;2310;2325;-12.4;42.7
3692;3;2325;2338;-5.5;51.2
3693;3;2338;2352;-7.7;36.8
3694;3;2352;2366;-14.0;68.9
3695;3;2366;2380;-12.7;48.7
3696;3;2380;2396;2.7;38.9
3697;3;2396;2412;-5.1;33.5
3698;3;2412;2429;-11.2;19.0
3699;3;2429;2448;11.3;36.7
3700;3;2448;2468;1.5;42.5
3701;3;2468;2483;7.4;12.4
3702;3;2483;2500;14.9;4.5
3703;3;2500;2516;3.5;8.2
3704;4;1895;1865;-8.8;8.1
3705;4;1865;1833;8.2;7.2
3706;4;1833;1806;5.6;9.4
3707;4;1806;1834;12.5;6.0
3708;4;1834;1866;9.5;6.0
3709;4;1866;1894;-1.7;9.4
3710;4;1894;1863;9.4;7.2
3711;4;1863;1832;14.7;10.0
3712;4;1832;1805;-5.8;19.0
3713;4;1805;1776;-12.7;47.7
3714;4;1776;1745;1.8;32.7
3715;4;1745;1713;5.7;34.7
3716;4;1713;1679;-14.3;25.6
3717;3;2069;2045;14.1;29.5
3718;3;2045;2022;0.5;11.4
3719;3;2022;2000;12.8;9.2
3720;3;2000;1977;-1.7;10.0
3721;3;1977;1948;4.3;5.4
3722;3;1948;1919;-11.9;8.6
3723;3;3676;3675;1.0;8.1
3724;3;3675;3674;-11.6;23.6
3725;3;3674;3673;-1.3;15.6
3726;3;3673;3672;2.5;10.6
3727;3;3672;3671;6.3;17.7
3728;3;3671;3670;5.2;21.9
3729;3;3670;3669;-3.5;37.5
3730;3;3669;3668;-3.2;40.5
3731;3;3668;3667;4.0;36.1
3732;3;3667;3666;13.4;22.0
3733;3;3666;3665;-0.0;29.2
3734;3;3665;3664;10.8;26.9
3735;3;3664;3663;-1.7;24.8
3736;3;3663;3662;13.6;16.3
3737;3;3662;3661;0.6;12.0
3738;3;3661;3660;-8.7;16.4
3739;3;3660;3659;1.3;12.2
3740;3;3659;3658;8.6;12.5
3741;3;3658;3657;-11.1;9.5
3742;3;3657;3656;14.2;12.4
3743;3;3656;3655;-9.2;18.2
3744;3;3655;3654;-5.7;33.4
3745;3;3654;3653;2.0;12.2
3746;3;3653;3652;4.8;20.9
3747;3;3652;3651;-1.9;10.4
3748;3;3651;3650;8.8;28.2
3749;3;3650;3649;14.1;26.6
3750;3;3649;3648;1.8;10.4
3751;3;3648;3646;-6.9;21.5
3752;3;3646;3644;6.0;17.1
3753;3;3644;3642;5.8;15.2
3754;3;3642;3645;2.0;48.8
3755;3;3645;3647;-8.8;36.2
